partner_id,partner_name,city,joining_date
1,Partner_1,Bangalore,2021-06-26
2,Partner_2,Delhi,2022-02-17
3,Partner_3,Mumbai,2022-09-26
4,Partner_4,Chennai,2022-11-29
5,Partner_5,Pune,2022-02-16
6,Partner_6,Bangalore,2022-02-10
7,Partner_7,Delhi,2022-12-09
8,Partner_8,Mumbai,2021-02-20
9,Partner_9,Pune,2022-05-02
10,Partner_10,Delhi,2023-07-08
11,Partner_11,Delhi,2021-01-21
12,Partner_12,Delhi,2023-04-18
13,Partner_13,Delhi,2021-11-15
14,Partner_14,Delhi,2023-05-14
15,Partner_15,Hyderabad,2023-05-29
16,Partner_16,Pune,2022-12-03
17,Partner_17,Bangalore,2023-09-23
18,Partner_18,Mumbai,2021-05-18
19,Partner_19,Delhi,2023-09-25
20,Partner_20,Pune,2022-03-30
21,Partner_21,Delhi,2021-10-03
22,Partner_22,Pune,2022-03-03
23,Partner_23,Chennai,2022-10-24
24,Partner_24,Bangalore,2021-07-12
25,Partner_25,Hyderabad,2021-08-05
26,Partner_26,Hyderabad,2023-01-29
27,Partner_27,Hyderabad,2023-02-17
28,Partner_28,Chennai,2023-06-08
29,Partner_29,Delhi,2023-04-21
30,Partner_30,Bangalore,2022-06-12
31,Partner_31,Mumbai,2021-03-09
32,Partner_32,Delhi,2022-12-28
33,Partner_33,Chennai,2022-02-18
34,Partner_34,Mumbai,2023-03-11
35,Partner_35,Chennai,2023-06-20
36,Partner_36,Chennai,2021-01-30
37,Partner_37,Mumbai,2021-07-17
38,Partner_38,Mumbai,2023-05-08
39,Partner_39,Bangalore,2021-09-13
40,Partner_40,Bangalore,2022-04-13
41,Partner_41,Bangalore,2023-07-30
42,Partner_42,Delhi,2022-12-23
43,Partner_43,Mumbai,2021-10-08
44,Partner_44,Delhi,2023-04-24
45,Partner_45,Hyderabad,2022-06-02
46,Partner_46,Hyderabad,2022-10-13
47,Partner_47,Bangalore,2022-11-29
48,Partner_48,Bangalore,2021-09-05
49,Partner_49,Delhi,2022-05-16
50,Partner_50,Chennai,2022-04-02
51,Partner_51,Mumbai,2023-09-11
52,Partner_52,Hyderabad,2022-08-24
53,Partner_53,Chennai,2021-12-25
54,Partner_54,Delhi,2021-06-17
55,Partner_55,Delhi,2023-02-06
56,Partner_56,Pune,2021-04-03
57,Partner_57,Delhi,2021-01-29
58,Partner_58,Hyderabad,2021-02-20
59,Partner_59,Mumbai,2023-05-25
60,Partner_60,Chennai,2023-03-10
61,Partner_61,Mumbai,2023-05-28
62,Partner_62,Mumbai,2022-10-25
63,Partner_63,Mumbai,2022-11-25
64,Partner_64,Mumbai,2021-10-03
65,Partner_65,Pune,2022-02-24
66,Partner_66,Chennai,2021-01-21
67,Partner_67,Pune,2021-01-10
68,Partner_68,Hyderabad,2023-07-23
69,Partner_69,Mumbai,2022-10-25
70,Partner_70,Mumbai,2022-09-08
71,Partner_71,Bangalore,2021-08-18
72,Partner_72,Delhi,2022-09-15
73,Partner_73,Delhi,2022-12-31
74,Partner_74,Pune,2022-10-21
75,Partner_75,Delhi,2022-03-10
76,Partner_76,Hyderabad,2023-05-23
77,Partner_77,Delhi,2022-04-16
78,Partner_78,Delhi,2021-08-12
79,Partner_79,Hyderabad,2021-11-06
80,Partner_80,Pune,2022-06-18
81,Partner_81,Chennai,2022-02-11
82,Partner_82,Chennai,2021-04-15
83,Partner_83,Bangalore,2022-06-08
84,Partner_84,Pune,2023-09-17
85,Partner_85,Delhi,2022-07-29
86,Partner_86,Pune,2022-09-01
87,Partner_87,Chennai,2021-10-17
88,Partner_88,Delhi,2022-12-02
89,Partner_89,Bangalore,2022-05-09
90,Partner_90,Bangalore,2021-12-11
91,Partner_91,Delhi,2022-10-18
92,Partner_92,Delhi,2023-06-02
93,Partner_93,Delhi,2021-09-25
94,Partner_94,Pune,2022-12-30
95,Partner_95,Pune,2021-11-02
96,Partner_96,Mumbai,2021-06-03
97,Partner_97,Chennai,2023-02-23
98,Partner_98,Mumbai,2023-07-11
99,Partner_99,Bangalore,2023-04-05
100,Partner_100,Chennai,2022-02-18
101,Partner_101,Pune,2021-11-24
102,Partner_102,Pune,2021-05-24
103,Partner_103,Pune,2021-01-27
104,Partner_104,Pune,2022-05-25
105,Partner_105,Delhi,2021-09-23
106,Partner_106,Hyderabad,2022-02-19
107,Partner_107,Hyderabad,2023-01-25
108,Partner_108,Bangalore,2022-08-21
109,Partner_109,Pune,2022-08-09
110,Partner_110,Mumbai,2021-12-18
111,Partner_111,Pune,2023-01-01
112,Partner_112,Mumbai,2022-12-04
113,Partner_113,Chennai,2022-10-16
114,Partner_114,Hyderabad,2023-07-18
115,Partner_115,Pune,2022-01-03
116,Partner_116,Chennai,2021-11-04
117,Partner_117,Mumbai,2023-05-11
118,Partner_118,Pune,2023-06-17
119,Partner_119,Chennai,2021-07-05
120,Partner_120,Delhi,2021-04-10
121,Partner_121,Hyderabad,2021-05-12
122,Partner_122,Pune,2021-09-22
123,Partner_123,Pune,2023-04-08
124,Partner_124,Chennai,2023-02-21
125,Partner_125,Mumbai,2023-08-28
126,Partner_126,Pune,2023-07-11
127,Partner_127,Delhi,2022-11-02
128,Partner_128,Bangalore,2021-08-16
129,Partner_129,Delhi,2021-08-17
130,Partner_130,Pune,2023-06-12
131,Partner_131,Delhi,2022-03-07
132,Partner_132,Delhi,2022-01-16
133,Partner_133,Delhi,2022-08-23
134,Partner_134,Delhi,2022-04-20
135,Partner_135,Bangalore,2022-04-27
136,Partner_136,Bangalore,2023-06-07
137,Partner_137,Pune,2022-08-21
138,Partner_138,Chennai,2023-08-25
139,Partner_139,Chennai,2021-03-14
140,Partner_140,Hyderabad,2023-06-30
141,Partner_141,Mumbai,2022-05-28
142,Partner_142,Bangalore,2023-06-08
143,Partner_143,Pune,2022-01-26
144,Partner_144,Chennai,2021-11-02
145,Partner_145,Hyderabad,2021-02-25
146,Partner_146,Mumbai,2021-05-21
147,Partner_147,Mumbai,2021-12-17
148,Partner_148,Hyderabad,2022-08-07
149,Partner_149,Hyderabad,2021-05-27
150,Partner_150,Delhi,2023-06-03
151,Partner_151,Pune,2021-07-04
152,Partner_152,Bangalore,2022-05-15
153,Partner_153,Delhi,2022-10-09
154,Partner_154,Mumbai,2021-11-17
155,Partner_155,Pune,2021-03-01
156,Partner_156,Bangalore,2022-04-08
157,Partner_157,Delhi,2021-08-03
158,Partner_158,Mumbai,2022-08-14
159,Partner_159,Mumbai,2022-05-17
160,Partner_160,Bangalore,2021-05-13
161,Partner_161,Chennai,2022-03-21
162,Partner_162,Pune,2022-03-16
163,Partner_163,Hyderabad,2022-03-16
164,Partner_164,Hyderabad,2022-01-28
165,Partner_165,Bangalore,2021-02-08
166,Partner_166,Chennai,2021-07-24
167,Partner_167,Pune,2022-01-18
168,Partner_168,Bangalore,2023-07-03
169,Partner_169,Delhi,2023-02-15
170,Partner_170,Chennai,2021-07-15
171,Partner_171,Bangalore,2022-11-24
172,Partner_172,Bangalore,2022-10-04
173,Partner_173,Pune,2021-09-12
174,Partner_174,Mumbai,2022-12-12
175,Partner_175,Delhi,2021-11-16
176,Partner_176,Mumbai,2021-04-16
177,Partner_177,Hyderabad,2022-05-31
178,Partner_178,Chennai,2021-11-10
179,Partner_179,Mumbai,2021-03-08
180,Partner_180,Bangalore,2021-11-02
181,Partner_181,Delhi,2022-04-12
182,Partner_182,Pune,2022-06-17
183,Partner_183,Chennai,2022-06-21
184,Partner_184,Delhi,2022-03-21
185,Partner_185,Pune,2021-05-18
186,Partner_186,Delhi,2023-07-13
187,Partner_187,Hyderabad,2022-01-03
188,Partner_188,Mumbai,2021-06-18
189,Partner_189,Hyderabad,2021-01-20
190,Partner_190,Mumbai,2021-08-18
191,Partner_191,Pune,2021-05-15
192,Partner_192,Mumbai,2023-01-22
193,Partner_193,Bangalore,2022-08-27
194,Partner_194,Chennai,2021-06-23
195,Partner_195,Bangalore,2022-01-11
196,Partner_196,Pune,2022-10-29
197,Partner_197,Bangalore,2022-01-20
198,Partner_198,Pune,2021-09-19
199,Partner_199,Chennai,2022-10-01
200,Partner_200,Bangalore,2022-09-01
201,Partner_201,Bangalore,2022-11-09
202,Partner_202,Bangalore,2022-11-01
203,Partner_203,Bangalore,2021-02-19
204,Partner_204,Pune,2021-04-29
205,Partner_205,Hyderabad,2022-03-31
206,Partner_206,Hyderabad,2021-05-07
207,Partner_207,Chennai,2021-09-16
208,Partner_208,Hyderabad,2022-12-20
209,Partner_209,Mumbai,2021-07-30
210,Partner_210,Pune,2022-12-04
211,Partner_211,Pune,2021-01-10
212,Partner_212,Delhi,2022-03-07
213,Partner_213,Pune,2021-04-14
214,Partner_214,Pune,2022-06-17
215,Partner_215,Delhi,2022-09-30
216,Partner_216,Chennai,2022-12-19
217,Partner_217,Mumbai,2022-03-05
218,Partner_218,Bangalore,2022-06-08
219,Partner_219,Pune,2022-09-25
220,Partner_220,Bangalore,2021-10-17
221,Partner_221,Bangalore,2023-03-15
222,Partner_222,Bangalore,2022-05-25
223,Partner_223,Mumbai,2022-09-16
224,Partner_224,Mumbai,2023-03-08
225,Partner_225,Delhi,2023-05-02
226,Partner_226,Chennai,2023-09-24
227,Partner_227,Mumbai,2022-01-02
228,Partner_228,Pune,2022-02-24
229,Partner_229,Delhi,2021-06-14
230,Partner_230,Bangalore,2022-07-16
231,Partner_231,Hyderabad,2023-07-22
232,Partner_232,Mumbai,2022-12-06
233,Partner_233,Hyderabad,2021-12-05
234,Partner_234,Mumbai,2021-01-03
235,Partner_235,Bangalore,2022-11-19
236,Partner_236,Bangalore,2023-07-18
237,Partner_237,Bangalore,2023-05-06
238,Partner_238,Chennai,2022-11-17
239,Partner_239,Hyderabad,2021-06-02
240,Partner_240,Bangalore,2023-03-10
241,Partner_241,Chennai,2021-03-18
242,Partner_242,Pune,2023-01-11
243,Partner_243,Bangalore,2023-07-16
244,Partner_244,Delhi,2022-10-22
245,Partner_245,Mumbai,2022-04-13
246,Partner_246,Delhi,2021-09-28
247,Partner_247,Hyderabad,2021-02-21
248,Partner_248,Bangalore,2023-04-13
249,Partner_249,Mumbai,2023-06-15
250,Partner_250,Bangalore,2023-05-23
251,Partner_251,Delhi,2022-01-04
252,Partner_252,Pune,2021-11-17
253,Partner_253,Hyderabad,2023-01-27
254,Partner_254,Bangalore,2021-04-08
255,Partner_255,Bangalore,2021-01-10
256,Partner_256,Mumbai,2022-11-11
257,Partner_257,Pune,2021-06-24
258,Partner_258,Delhi,2022-01-02
259,Partner_259,Hyderabad,2023-09-06
260,Partner_260,Chennai,2021-10-02
261,Partner_261,Pune,2021-04-06
262,Partner_262,Delhi,2023-04-15
263,Partner_263,Delhi,2021-07-07
264,Partner_264,Bangalore,2022-02-15
265,Partner_265,Hyderabad,2023-09-13
266,Partner_266,Hyderabad,2021-10-06
267,Partner_267,Hyderabad,2022-12-08
268,Partner_268,Hyderabad,2023-03-31
269,Partner_269,Hyderabad,2022-10-27
270,Partner_270,Mumbai,2021-04-26
271,Partner_271,Mumbai,2022-12-14
272,Partner_272,Pune,2021-03-02
273,Partner_273,Mumbai,2021-04-17
274,Partner_274,Hyderabad,2023-07-23
275,Partner_275,Chennai,2022-05-10
276,Partner_276,Chennai,2022-11-26
277,Partner_277,Hyderabad,2021-07-05
278,Partner_278,Chennai,2022-01-24
279,Partner_279,Delhi,2022-09-19
280,Partner_280,Bangalore,2023-06-03
281,Partner_281,Pune,2023-06-21
282,Partner_282,Pune,2023-09-24
283,Partner_283,Mumbai,2022-05-10
284,Partner_284,Hyderabad,2021-04-26
285,Partner_285,Hyderabad,2022-03-28
286,Partner_286,Bangalore,2021-03-06
287,Partner_287,Delhi,2022-11-02
288,Partner_288,Delhi,2021-01-13
289,Partner_289,Pune,2023-06-09
290,Partner_290,Pune,2022-06-22
291,Partner_291,Pune,2022-08-14
292,Partner_292,Pune,2022-08-02
293,Partner_293,Mumbai,2023-09-06
294,Partner_294,Pune,2023-06-14
295,Partner_295,Delhi,2022-06-16
296,Partner_296,Chennai,2022-12-06
297,Partner_297,Pune,2022-09-26
298,Partner_298,Bangalore,2022-03-20
299,Partner_299,Pune,2023-01-15
300,Partner_300,Mumbai,2022-05-09
301,Partner_301,Delhi,2022-11-11
302,Partner_302,Pune,2022-10-19
303,Partner_303,Hyderabad,2021-06-02
304,Partner_304,Chennai,2023-07-03
305,Partner_305,Chennai,2021-02-25
306,Partner_306,Bangalore,2022-10-21
307,Partner_307,Mumbai,2022-06-02
308,Partner_308,Hyderabad,2023-05-23
309,Partner_309,Hyderabad,2023-06-10
310,Partner_310,Mumbai,2021-03-18
311,Partner_311,Hyderabad,2021-11-25
312,Partner_312,Mumbai,2021-12-05
313,Partner_313,Delhi,2021-02-21
314,Partner_314,Chennai,2021-08-17
315,Partner_315,Chennai,2022-10-21
316,Partner_316,Hyderabad,2022-02-17
317,Partner_317,Mumbai,2021-03-22
318,Partner_318,Hyderabad,2022-03-31
319,Partner_319,Chennai,2022-04-04
320,Partner_320,Bangalore,2023-05-28
321,Partner_321,Hyderabad,2022-04-03
322,Partner_322,Delhi,2021-05-02
323,Partner_323,Hyderabad,2023-02-03
324,Partner_324,Pune,2021-01-19
325,Partner_325,Bangalore,2022-02-18
326,Partner_326,Hyderabad,2021-02-06
327,Partner_327,Chennai,2022-07-17
328,Partner_328,Bangalore,2023-04-26
329,Partner_329,Bangalore,2023-03-22
330,Partner_330,Chennai,2023-09-14
331,Partner_331,Chennai,2022-10-15
332,Partner_332,Delhi,2023-07-01
333,Partner_333,Chennai,2022-07-30
334,Partner_334,Mumbai,2022-11-02
335,Partner_335,Pune,2022-04-13
336,Partner_336,Delhi,2022-01-08
337,Partner_337,Bangalore,2023-04-17
338,Partner_338,Mumbai,2023-05-15
339,Partner_339,Hyderabad,2021-12-06
340,Partner_340,Chennai,2023-02-25
341,Partner_341,Chennai,2022-09-07
342,Partner_342,Hyderabad,2023-01-04
343,Partner_343,Pune,2022-01-08
344,Partner_344,Pune,2022-04-09
345,Partner_345,Bangalore,2021-04-10
346,Partner_346,Pune,2021-08-16
347,Partner_347,Bangalore,2021-12-16
348,Partner_348,Delhi,2023-04-30
349,Partner_349,Pune,2023-09-15
350,Partner_350,Delhi,2022-07-15
351,Partner_351,Chennai,2022-01-18
352,Partner_352,Pune,2021-04-19
353,Partner_353,Bangalore,2023-07-08
354,Partner_354,Mumbai,2022-05-20
355,Partner_355,Mumbai,2023-04-22
356,Partner_356,Pune,2023-01-31
357,Partner_357,Pune,2022-02-24
358,Partner_358,Bangalore,2021-09-18
359,Partner_359,Chennai,2021-07-20
360,Partner_360,Mumbai,2021-05-04
361,Partner_361,Hyderabad,2021-08-09
362,Partner_362,Hyderabad,2023-04-25
363,Partner_363,Mumbai,2023-01-04
364,Partner_364,Delhi,2021-04-21
365,Partner_365,Hyderabad,2021-02-17
366,Partner_366,Pune,2023-05-08
367,Partner_367,Pune,2022-08-26
368,Partner_368,Bangalore,2023-03-02
369,Partner_369,Hyderabad,2022-04-14
370,Partner_370,Pune,2022-08-27
371,Partner_371,Chennai,2021-05-18
372,Partner_372,Hyderabad,2021-01-05
373,Partner_373,Chennai,2023-01-24
374,Partner_374,Bangalore,2022-07-21
375,Partner_375,Hyderabad,2023-05-09
376,Partner_376,Chennai,2022-05-10
377,Partner_377,Chennai,2023-03-11
378,Partner_378,Mumbai,2022-12-10
379,Partner_379,Chennai,2021-06-27
380,Partner_380,Pune,2023-04-15
381,Partner_381,Mumbai,2021-04-17
382,Partner_382,Hyderabad,2022-11-05
383,Partner_383,Chennai,2022-09-13
384,Partner_384,Delhi,2022-06-01
385,Partner_385,Hyderabad,2022-03-05
386,Partner_386,Chennai,2023-07-27
387,Partner_387,Pune,2023-02-20
388,Partner_388,Mumbai,2021-10-08
389,Partner_389,Hyderabad,2023-09-14
390,Partner_390,Delhi,2023-09-21
391,Partner_391,Delhi,2022-04-09
392,Partner_392,Mumbai,2021-05-22
393,Partner_393,Hyderabad,2022-09-09
394,Partner_394,Pune,2023-06-27
395,Partner_395,Pune,2022-06-09
396,Partner_396,Delhi,2023-05-14
397,Partner_397,Pune,2022-07-15
398,Partner_398,Delhi,2022-12-30
399,Partner_399,Pune,2023-08-16
400,Partner_400,Chennai,2022-10-10
401,Partner_401,Mumbai,2021-07-25
402,Partner_402,Mumbai,2022-10-02
403,Partner_403,Pune,2021-10-25
404,Partner_404,Pune,2021-12-20
405,Partner_405,Pune,2021-05-16
406,Partner_406,Pune,2022-10-28
407,Partner_407,Mumbai,2022-05-31
408,Partner_408,Chennai,2022-12-12
409,Partner_409,Pune,2021-11-27
410,Partner_410,Pune,2021-04-29
411,Partner_411,Delhi,2022-07-30
412,Partner_412,Hyderabad,2022-08-20
413,Partner_413,Chennai,2023-08-24
414,Partner_414,Pune,2022-12-29
415,Partner_415,Hyderabad,2022-11-22
416,Partner_416,Pune,2023-07-05
417,Partner_417,Chennai,2021-10-20
418,Partner_418,Hyderabad,2023-04-08
419,Partner_419,Bangalore,2022-06-20
420,Partner_420,Bangalore,2021-01-26
421,Partner_421,Hyderabad,2021-05-29
422,Partner_422,Bangalore,2022-11-18
423,Partner_423,Bangalore,2021-07-24
424,Partner_424,Delhi,2023-02-08
425,Partner_425,Mumbai,2021-10-21
426,Partner_426,Pune,2021-09-14
427,Partner_427,Mumbai,2023-05-10
428,Partner_428,Bangalore,2022-12-09
429,Partner_429,Delhi,2021-07-28
430,Partner_430,Chennai,2021-02-03
431,Partner_431,Delhi,2023-04-14
432,Partner_432,Hyderabad,2021-04-15
433,Partner_433,Chennai,2023-06-08
434,Partner_434,Pune,2023-01-28
435,Partner_435,Chennai,2023-06-05
436,Partner_436,Mumbai,2023-01-31
437,Partner_437,Pune,2022-07-29
438,Partner_438,Hyderabad,2021-09-01
439,Partner_439,Chennai,2023-03-15
440,Partner_440,Pune,2021-10-22
441,Partner_441,Pune,2022-11-12
442,Partner_442,Bangalore,2023-08-07
443,Partner_443,Hyderabad,2022-02-01
444,Partner_444,Hyderabad,2023-09-07
445,Partner_445,Pune,2021-11-17
446,Partner_446,Chennai,2021-02-25
447,Partner_447,Bangalore,2023-02-01
448,Partner_448,Delhi,2021-07-27
449,Partner_449,Chennai,2023-06-09
450,Partner_450,Hyderabad,2023-04-30
451,Partner_451,Mumbai,2023-07-23
452,Partner_452,Pune,2022-12-23
453,Partner_453,Pune,2022-10-26
454,Partner_454,Delhi,2023-02-13
455,Partner_455,Chennai,2022-07-14
456,Partner_456,Pune,2022-09-10
457,Partner_457,Mumbai,2023-03-06
458,Partner_458,Pune,2023-09-15
459,Partner_459,Mumbai,2021-10-29
460,Partner_460,Hyderabad,2021-07-01
461,Partner_461,Pune,2021-03-18
462,Partner_462,Mumbai,2023-09-13
463,Partner_463,Mumbai,2023-01-23
464,Partner_464,Chennai,2021-05-03
465,Partner_465,Hyderabad,2021-02-11
466,Partner_466,Hyderabad,2021-10-13
467,Partner_467,Chennai,2021-09-28
468,Partner_468,Mumbai,2021-06-14
469,Partner_469,Chennai,2023-05-17
470,Partner_470,Delhi,2021-01-06
471,Partner_471,Delhi,2022-04-23
472,Partner_472,Pune,2023-08-18
473,Partner_473,Mumbai,2021-02-10
474,Partner_474,Mumbai,2023-08-09
475,Partner_475,Delhi,2022-09-04
476,Partner_476,Bangalore,2023-03-04
477,Partner_477,Pune,2022-09-23
478,Partner_478,Pune,2021-11-05
479,Partner_479,Hyderabad,2023-03-20
480,Partner_480,Chennai,2022-07-18
481,Partner_481,Delhi,2021-03-16
482,Partner_482,Pune,2021-11-22
483,Partner_483,Chennai,2021-08-14
484,Partner_484,Mumbai,2022-06-18
485,Partner_485,Bangalore,2023-03-17
486,Partner_486,Chennai,2021-06-13
487,Partner_487,Hyderabad,2022-07-11
488,Partner_488,Chennai,2022-02-18
489,Partner_489,Bangalore,2021-12-24
490,Partner_490,Mumbai,2023-06-24
491,Partner_491,Mumbai,2022-11-11
492,Partner_492,Delhi,2021-12-06
493,Partner_493,Delhi,2021-10-28
494,Partner_494,Mumbai,2023-09-01
495,Partner_495,Chennai,2022-06-28
496,Partner_496,Hyderabad,2022-07-29
497,Partner_497,Pune,2021-01-10
498,Partner_498,Bangalore,2022-11-16
499,Partner_499,Delhi,2022-04-02
500,Partner_500,Mumbai,2023-07-16
