customer_id,customer_name,city,signup_date
1,Customer_1,Pune,2022-04-25
2,Customer_2,Bangalore,2022-10-09
3,Customer_3,Mumbai,2022-08-17
4,Customer_4,Mumbai,2022-04-15
5,Customer_5,Pune,2023-07-13
6,Customer_6,Bangalore,2023-08-28
7,Customer_7,Hyderabad,2022-02-02
8,Customer_8,Bangalore,2022-04-06
9,Customer_9,Mumbai,2022-08-27
10,Customer_10,Chennai,2023-09-09
11,Customer_11,Bangalore,2023-07-29
12,Customer_12,Mumbai,2023-10-28
13,Customer_13,Pune,2023-07-13
14,Customer_14,Hyderabad,2022-08-14
15,Customer_15,Hyderabad,2023-08-27
16,Customer_16,Delhi,2022-01-07
17,Customer_17,Mumbai,2023-12-16
18,Customer_18,Hyderabad,2022-12-15
19,Customer_19,Delhi,2022-06-09
20,Customer_20,Mumbai,2022-12-11
21,Customer_21,Bangalore,2022-04-05
22,Customer_22,Hyderabad,2022-04-10
23,Customer_23,Delhi,2022-12-19
24,Customer_24,Chennai,2022-09-28
25,Customer_25,Bangalore,2023-04-16
26,Customer_26,Chennai,2022-05-08
27,Customer_27,Hyderabad,2022-03-22
28,Customer_28,Chennai,2022-10-28
29,Customer_29,Pune,2023-09-26
30,Customer_30,Delhi,2023-08-15
31,Customer_31,Mumbai,2023-12-23
32,Customer_32,Bangalore,2022-02-16
33,Customer_33,Pune,2022-08-22
34,Customer_34,Delhi,2022-03-23
35,Customer_35,Mumbai,2022-04-14
36,Customer_36,Hyderabad,2022-10-12
37,Customer_37,Hyderabad,2023-10-13
38,Customer_38,Delhi,2022-06-16
39,Customer_39,Delhi,2022-12-30
40,Customer_40,Mumbai,2023-11-18
41,Customer_41,Delhi,2023-12-20
42,Customer_42,Pune,2023-10-26
43,Customer_43,Bangalore,2023-09-16
44,Customer_44,Pune,2022-06-25
45,Customer_45,Chennai,2022-09-08
46,Customer_46,Mumbai,2023-04-19
47,Customer_47,Hyderabad,2022-10-04
48,Customer_48,Pune,2023-12-06
49,Customer_49,Chennai,2022-08-13
50,Customer_50,Pune,2022-11-29
51,Customer_51,Bangalore,2022-08-23
52,Customer_52,Bangalore,2022-11-20
53,Customer_53,Hyderabad,2022-10-02
54,Customer_54,Bangalore,2022-08-05
55,Customer_55,Chennai,2022-11-19
56,Customer_56,Mumbai,2023-11-03
57,Customer_57,Hyderabad,2023-02-10
58,Customer_58,Pune,2023-04-15
59,Customer_59,Mumbai,2022-09-29
60,Customer_60,Mumbai,2022-09-10
61,Customer_61,Pune,2023-07-29
62,Customer_62,Chennai,2022-09-27
63,Customer_63,Pune,2023-08-22
64,Customer_64,Hyderabad,2023-08-21
65,Customer_65,Hyderabad,2023-01-06
66,Customer_66,Mumbai,2022-05-22
67,Customer_67,Chennai,2023-05-21
68,Customer_68,Bangalore,2022-02-18
69,Customer_69,Bangalore,2022-06-06
70,Customer_70,Pune,2022-06-13
71,Customer_71,Pune,2023-03-09
72,Customer_72,Chennai,2022-03-07
73,Customer_73,Hyderabad,2023-01-26
74,Customer_74,Chennai,2023-04-25
75,Customer_75,Chennai,2022-09-15
76,Customer_76,Chennai,2022-01-12
77,Customer_77,Pune,2022-04-28
78,Customer_78,Pune,2023-07-04
79,Customer_79,Delhi,2023-10-19
80,Customer_80,Delhi,2022-04-25
81,Customer_81,Delhi,2023-03-22
82,Customer_82,Mumbai,2023-04-10
83,Customer_83,Bangalore,2022-09-27
84,Customer_84,Chennai,2022-07-02
85,Customer_85,Chennai,2022-04-19
86,Customer_86,Pune,2022-11-02
87,Customer_87,Pune,2023-06-04
88,Customer_88,Chennai,2022-07-23
89,Customer_89,Mumbai,2023-01-18
90,Customer_90,Mumbai,2023-07-07
91,Customer_91,Chennai,2022-01-01
92,Customer_92,Chennai,2022-11-28
93,Customer_93,Hyderabad,2022-01-20
94,Customer_94,Bangalore,2023-01-07
95,Customer_95,Delhi,2022-09-03
96,Customer_96,Bangalore,2022-09-04
97,Customer_97,Chennai,2022-03-22
98,Customer_98,Bangalore,2023-05-13
99,Customer_99,Bangalore,2023-06-30
100,Customer_100,Mumbai,2022-05-12
101,Customer_101,Pune,2023-05-02
102,Customer_102,Chennai,2022-06-19
103,Customer_103,Delhi,2023-06-25
104,Customer_104,Chennai,2023-03-10
105,Customer_105,Mumbai,2023-07-07
106,Customer_106,Pune,2023-12-08
107,Customer_107,Mumbai,2024-01-01
108,Customer_108,Delhi,2023-02-13
109,Customer_109,Pune,2023-10-28
110,Customer_110,Delhi,2023-03-25
111,Customer_111,Chennai,2023-04-08
112,Customer_112,Bangalore,2022-09-11
113,Customer_113,Mumbai,2022-03-07
114,Customer_114,Delhi,2022-01-22
115,Customer_115,Chennai,2023-07-22
116,Customer_116,Mumbai,2023-08-26
117,Customer_117,Mumbai,2022-01-08
118,Customer_118,Bangalore,2023-12-26
119,Customer_119,Pune,2022-03-02
120,Customer_120,Mumbai,2022-03-11
121,Customer_121,Bangalore,2022-12-05
122,Customer_122,Bangalore,2023-06-11
123,Customer_123,Mumbai,2022-10-13
124,Customer_124,Pune,2023-05-13
125,Customer_125,Mumbai,2023-07-07
126,Customer_126,Mumbai,2023-08-08
127,Customer_127,Chennai,2023-04-30
128,Customer_128,Mumbai,2023-04-30
129,Customer_129,Hyderabad,2022-07-14
130,Customer_130,Bangalore,2022-04-10
131,Customer_131,Pune,2023-03-18
132,Customer_132,Delhi,2023-03-10
133,Customer_133,Hyderabad,2023-04-24
134,Customer_134,Pune,2022-02-25
135,Customer_135,Pune,2023-11-01
136,Customer_136,Pune,2022-04-11
137,Customer_137,Bangalore,2023-02-17
138,Customer_138,Pune,2022-12-14
139,Customer_139,Bangalore,2022-09-12
140,Customer_140,Mumbai,2022-07-14
141,Customer_141,Chennai,2023-04-05
142,Customer_142,Mumbai,2023-03-09
143,Customer_143,Mumbai,2022-10-13
144,Customer_144,Hyderabad,2022-09-13
145,Customer_145,Bangalore,2023-03-30
146,Customer_146,Chennai,2022-04-11
147,Customer_147,Bangalore,2023-10-30
148,Customer_148,Chennai,2022-01-16
149,Customer_149,Bangalore,2022-08-31
150,Customer_150,Mumbai,2023-02-21
151,Customer_151,Hyderabad,2023-05-08
152,Customer_152,Mumbai,2023-02-15
153,Customer_153,Bangalore,2022-06-18
154,Customer_154,Hyderabad,2022-01-03
155,Customer_155,Hyderabad,2022-09-29
156,Customer_156,Hyderabad,2022-10-20
157,Customer_157,Hyderabad,2023-12-15
158,Customer_158,Pune,2023-07-24
159,Customer_159,Pune,2023-05-14
160,Customer_160,Mumbai,2022-07-14
161,Customer_161,Delhi,2022-08-11
162,Customer_162,Bangalore,2023-08-17
163,Customer_163,Pune,2023-07-10
164,Customer_164,Bangalore,2022-11-18
165,Customer_165,Bangalore,2022-02-21
166,Customer_166,Chennai,2023-05-04
167,Customer_167,Chennai,2023-06-28
168,Customer_168,Mumbai,2022-02-28
169,Customer_169,Chennai,2022-03-24
170,Customer_170,Mumbai,2022-03-12
171,Customer_171,Chennai,2022-03-11
172,Customer_172,Pune,2022-08-29
173,Customer_173,Hyderabad,2022-05-03
174,Customer_174,Chennai,2022-09-10
175,Customer_175,Chennai,2023-09-01
176,Customer_176,Bangalore,2023-09-27
177,Customer_177,Bangalore,2023-03-06
178,Customer_178,Pune,2023-08-21
179,Customer_179,Chennai,2023-06-20
180,Customer_180,Delhi,2022-09-25
181,Customer_181,Mumbai,2023-11-17
182,Customer_182,Pune,2022-11-18
183,Customer_183,Mumbai,2022-09-29
184,Customer_184,Hyderabad,2022-05-15
185,Customer_185,Pune,2023-10-23
186,Customer_186,Delhi,2023-04-14
187,Customer_187,Delhi,2022-03-16
188,Customer_188,Bangalore,2023-04-15
189,Customer_189,Chennai,2023-07-31
190,Customer_190,Bangalore,2022-03-17
191,Customer_191,Chennai,2022-08-07
192,Customer_192,Chennai,2022-09-29
193,Customer_193,Mumbai,2022-12-24
194,Customer_194,Bangalore,2022-09-08
195,Customer_195,Delhi,2022-10-19
196,Customer_196,Mumbai,2023-03-25
197,Customer_197,Chennai,2023-12-22
198,Customer_198,Delhi,2023-09-19
199,Customer_199,Pune,2023-06-26
200,Customer_200,Bangalore,2023-11-15
201,Customer_201,Chennai,2022-11-03
202,Customer_202,Pune,2022-04-17
203,Customer_203,Mumbai,2022-09-28
204,Customer_204,Bangalore,2022-04-20
205,Customer_205,Pune,2023-07-21
206,Customer_206,Mumbai,2022-10-06
207,Customer_207,Delhi,2023-09-12
208,Customer_208,Mumbai,2022-12-18
209,Customer_209,Mumbai,2023-12-05
210,Customer_210,Pune,2022-09-28
211,Customer_211,Chennai,2023-05-16
212,Customer_212,Delhi,2022-02-22
213,Customer_213,Bangalore,2023-10-12
214,Customer_214,Hyderabad,2022-10-11
215,Customer_215,Bangalore,2022-01-04
216,Customer_216,Delhi,2022-05-14
217,Customer_217,Pune,2022-09-26
218,Customer_218,Mumbai,2023-03-29
219,Customer_219,Chennai,2023-12-24
220,Customer_220,Hyderabad,2023-07-29
221,Customer_221,Bangalore,2022-04-25
222,Customer_222,Bangalore,2023-12-09
223,Customer_223,Mumbai,2023-07-13
224,Customer_224,Bangalore,2023-01-14
225,Customer_225,Chennai,2023-07-20
226,Customer_226,Mumbai,2023-03-17
227,Customer_227,Mumbai,2022-02-12
228,Customer_228,Delhi,2023-01-09
229,Customer_229,Bangalore,2023-01-02
230,Customer_230,Mumbai,2023-11-30
231,Customer_231,Mumbai,2023-11-14
232,Customer_232,Bangalore,2022-12-29
233,Customer_233,Chennai,2023-02-21
234,Customer_234,Chennai,2022-06-08
235,Customer_235,Mumbai,2022-06-16
236,Customer_236,Mumbai,2023-02-27
237,Customer_237,Bangalore,2022-07-03
238,Customer_238,Pune,2022-12-07
239,Customer_239,Hyderabad,2023-11-17
240,Customer_240,Pune,2022-09-12
241,Customer_241,Delhi,2022-06-13
242,Customer_242,Pune,2022-04-21
243,Customer_243,Hyderabad,2022-02-09
244,Customer_244,Hyderabad,2022-08-16
245,Customer_245,Mumbai,2023-04-17
246,Customer_246,Delhi,2022-11-09
247,Customer_247,Mumbai,2022-08-17
248,Customer_248,Bangalore,2023-11-07
249,Customer_249,Mumbai,2023-02-13
250,Customer_250,Delhi,2022-10-13
251,Customer_251,Bangalore,2022-10-13
252,Customer_252,Delhi,2023-10-19
253,Customer_253,Chennai,2023-02-14
254,Customer_254,Pune,2023-07-04
255,Customer_255,Delhi,2022-01-29
256,Customer_256,Bangalore,2022-09-25
257,Customer_257,Mumbai,2023-08-18
258,Customer_258,Delhi,2022-02-09
259,Customer_259,Bangalore,2023-09-03
260,Customer_260,Hyderabad,2022-12-20
261,Customer_261,Pune,2022-11-18
262,Customer_262,Hyderabad,2023-09-13
263,Customer_263,Chennai,2022-04-29
264,Customer_264,Hyderabad,2023-08-14
265,Customer_265,Mumbai,2022-09-18
266,Customer_266,Bangalore,2023-12-27
267,Customer_267,Hyderabad,2022-01-02
268,Customer_268,Chennai,2023-07-06
269,Customer_269,Pune,2023-11-18
270,Customer_270,Mumbai,2023-01-08
271,Customer_271,Hyderabad,2022-03-13
272,Customer_272,Pune,2022-12-05
273,Customer_273,Chennai,2022-11-18
274,Customer_274,Pune,2022-05-08
275,Customer_275,Pune,2022-11-04
276,Customer_276,Chennai,2022-11-13
277,Customer_277,Pune,2023-02-23
278,Customer_278,Delhi,2023-02-17
279,Customer_279,Pune,2022-10-30
280,Customer_280,Chennai,2022-05-11
281,Customer_281,Mumbai,2023-03-07
282,Customer_282,Pune,2023-01-24
283,Customer_283,Pune,2022-06-28
284,Customer_284,Chennai,2023-08-06
285,Customer_285,Delhi,2023-02-20
286,Customer_286,Chennai,2022-01-01
287,Customer_287,Delhi,2022-10-21
288,Customer_288,Mumbai,2023-03-17
289,Customer_289,Chennai,2023-09-14
290,Customer_290,Pune,2022-11-26
291,Customer_291,Hyderabad,2023-03-29
292,Customer_292,Hyderabad,2023-11-23
293,Customer_293,Mumbai,2023-06-08
294,Customer_294,Hyderabad,2022-06-23
295,Customer_295,Pune,2022-03-28
296,Customer_296,Delhi,2023-06-12
297,Customer_297,Pune,2023-10-11
298,Customer_298,Chennai,2022-12-10
299,Customer_299,Bangalore,2022-08-29
300,Customer_300,Pune,2022-11-14
301,Customer_301,Mumbai,2022-07-23
302,Customer_302,Mumbai,2022-01-26
303,Customer_303,Bangalore,2022-09-08
304,Customer_304,Hyderabad,2023-09-18
305,Customer_305,Bangalore,2023-04-12
306,Customer_306,Hyderabad,2023-10-07
307,Customer_307,Chennai,2022-07-19
308,Customer_308,Pune,2023-12-15
309,Customer_309,Hyderabad,2023-05-22
310,Customer_310,Hyderabad,2022-09-07
311,Customer_311,Mumbai,2023-11-03
312,Customer_312,Pune,2022-01-06
313,Customer_313,Bangalore,2023-03-12
314,Customer_314,Mumbai,2022-06-30
315,Customer_315,Pune,2023-06-15
316,Customer_316,Hyderabad,2022-02-21
317,Customer_317,Chennai,2022-09-13
318,Customer_318,Bangalore,2023-04-13
319,Customer_319,Mumbai,2023-04-21
320,Customer_320,Pune,2023-06-28
321,Customer_321,Chennai,2023-09-02
322,Customer_322,Delhi,2023-03-30
323,Customer_323,Chennai,2023-06-01
324,Customer_324,Hyderabad,2023-07-16
325,Customer_325,Hyderabad,2022-06-12
326,Customer_326,Pune,2023-05-02
327,Customer_327,Hyderabad,2022-09-23
328,Customer_328,Mumbai,2023-10-15
329,Customer_329,Delhi,2023-06-18
330,Customer_330,Hyderabad,2023-10-04
331,Customer_331,Mumbai,2022-10-09
332,Customer_332,Hyderabad,2022-03-21
333,Customer_333,Pune,2022-10-20
334,Customer_334,Mumbai,2022-10-06
335,Customer_335,Delhi,2022-11-24
336,Customer_336,Chennai,2022-03-24
337,Customer_337,Mumbai,2022-06-04
338,Customer_338,Mumbai,2023-01-28
339,Customer_339,Pune,2022-06-06
340,Customer_340,Pune,2022-08-08
341,Customer_341,Bangalore,2023-03-01
342,Customer_342,Hyderabad,2022-12-05
343,Customer_343,Chennai,2023-04-23
344,Customer_344,Hyderabad,2022-03-05
345,Customer_345,Mumbai,2023-03-07
346,Customer_346,Hyderabad,2023-08-22
347,Customer_347,Pune,2022-01-21
348,Customer_348,Chennai,2023-01-25
349,Customer_349,Hyderabad,2022-01-07
350,Customer_350,Delhi,2022-11-02
351,Customer_351,Hyderabad,2023-03-06
352,Customer_352,Chennai,2023-07-14
353,Customer_353,Chennai,2022-08-14
354,Customer_354,Hyderabad,2022-08-13
355,Customer_355,Delhi,2023-03-23
356,Customer_356,Hyderabad,2022-01-30
357,Customer_357,Hyderabad,2022-12-11
358,Customer_358,Pune,2023-11-27
359,Customer_359,Hyderabad,2022-06-19
360,Customer_360,Hyderabad,2022-05-11
361,Customer_361,Chennai,2023-07-01
362,Customer_362,Bangalore,2023-02-08
363,Customer_363,Chennai,2023-08-01
364,Customer_364,Pune,2022-01-28
365,Customer_365,Bangalore,2023-10-21
366,Customer_366,Hyderabad,2022-05-19
367,Customer_367,Hyderabad,2022-07-06
368,Customer_368,Bangalore,2022-09-24
369,Customer_369,Hyderabad,2022-12-02
370,Customer_370,Mumbai,2023-04-11
371,Customer_371,Delhi,2022-12-12
372,Customer_372,Hyderabad,2022-10-12
373,Customer_373,Hyderabad,2022-09-16
374,Customer_374,Bangalore,2023-04-27
375,Customer_375,Bangalore,2023-07-07
376,Customer_376,Bangalore,2022-12-25
377,Customer_377,Mumbai,2023-10-28
378,Customer_378,Bangalore,2023-10-30
379,Customer_379,Bangalore,2022-02-01
380,Customer_380,Mumbai,2022-07-24
381,Customer_381,Bangalore,2023-09-29
382,Customer_382,Mumbai,2022-09-02
383,Customer_383,Mumbai,2023-04-30
384,Customer_384,Pune,2022-04-28
385,Customer_385,Chennai,2022-08-12
386,Customer_386,Hyderabad,2023-12-18
387,Customer_387,Delhi,2023-01-13
388,Customer_388,Mumbai,2023-09-13
389,Customer_389,Chennai,2022-04-28
390,Customer_390,Mumbai,2022-11-15
391,Customer_391,Bangalore,2023-08-16
392,Customer_392,Bangalore,2022-11-16
393,Customer_393,Chennai,2023-11-25
394,Customer_394,Hyderabad,2023-02-11
395,Customer_395,Pune,2022-07-23
396,Customer_396,Bangalore,2023-08-30
397,Customer_397,Pune,2023-10-05
398,Customer_398,Mumbai,2022-04-15
399,Customer_399,Pune,2022-11-05
400,Customer_400,Pune,2023-09-07
401,Customer_401,Bangalore,2023-08-03
402,Customer_402,Bangalore,2022-12-22
403,Customer_403,Chennai,2023-03-15
404,Customer_404,Pune,2023-01-15
405,Customer_405,Bangalore,2023-06-03
406,Customer_406,Pune,2022-12-16
407,Customer_407,Bangalore,2023-03-07
408,Customer_408,Hyderabad,2022-04-19
409,Customer_409,Hyderabad,2023-01-06
410,Customer_410,Pune,2023-04-16
411,Customer_411,Pune,2022-06-06
412,Customer_412,Hyderabad,2022-06-30
413,Customer_413,Pune,2023-06-19
414,Customer_414,Pune,2022-10-04
415,Customer_415,Chennai,2023-07-06
416,Customer_416,Hyderabad,2023-04-22
417,Customer_417,Hyderabad,2023-08-30
418,Customer_418,Delhi,2022-11-27
419,Customer_419,Mumbai,2022-03-30
420,Customer_420,Delhi,2023-04-07
421,Customer_421,Mumbai,2023-04-21
422,Customer_422,Chennai,2023-09-17
423,Customer_423,Pune,2023-01-24
424,Customer_424,Delhi,2022-01-30
425,Customer_425,Hyderabad,2022-11-29
426,Customer_426,Mumbai,2023-05-15
427,Customer_427,Mumbai,2022-12-30
428,Customer_428,Delhi,2022-12-15
429,Customer_429,Delhi,2023-09-03
430,Customer_430,Pune,2022-10-10
431,Customer_431,Chennai,2022-01-11
432,Customer_432,Chennai,2022-07-15
433,Customer_433,Bangalore,2022-09-05
434,Customer_434,Pune,2023-02-21
435,Customer_435,Hyderabad,2023-07-23
436,Customer_436,Mumbai,2023-12-09
437,Customer_437,Hyderabad,2023-10-24
438,Customer_438,Pune,2023-05-18
439,Customer_439,Hyderabad,2022-01-18
440,Customer_440,Bangalore,2022-10-29
441,Customer_441,Mumbai,2023-02-19
442,Customer_442,Pune,2022-09-07
443,Customer_443,Delhi,2023-11-11
444,Customer_444,Chennai,2023-01-13
445,Customer_445,Hyderabad,2023-07-21
446,Customer_446,Chennai,2022-12-19
447,Customer_447,Hyderabad,2023-07-18
448,Customer_448,Delhi,2022-12-27
449,Customer_449,Pune,2023-04-10
450,Customer_450,Delhi,2022-11-10
451,Customer_451,Delhi,2022-08-25
452,Customer_452,Bangalore,2022-07-17
453,Customer_453,Delhi,2022-05-03
454,Customer_454,Pune,2023-07-03
455,Customer_455,Pune,2022-07-09
456,Customer_456,Mumbai,2022-08-10
457,Customer_457,Pune,2023-05-11
458,Customer_458,Delhi,2023-08-27
459,Customer_459,Chennai,2023-09-04
460,Customer_460,Delhi,2022-04-13
461,Customer_461,Mumbai,2022-10-31
462,Customer_462,Mumbai,2023-01-05
463,Customer_463,Mumbai,2022-11-06
464,Customer_464,Bangalore,2023-12-27
465,Customer_465,Chennai,2022-05-10
466,Customer_466,Delhi,2022-02-16
467,Customer_467,Bangalore,2023-07-21
468,Customer_468,Delhi,2023-12-16
469,Customer_469,Mumbai,2023-10-16
470,Customer_470,Hyderabad,2022-04-16
471,Customer_471,Bangalore,2023-08-11
472,Customer_472,Delhi,2023-04-26
473,Customer_473,Hyderabad,2023-03-28
474,Customer_474,Delhi,2022-07-08
475,Customer_475,Bangalore,2022-09-16
476,Customer_476,Hyderabad,2022-04-27
477,Customer_477,Bangalore,2023-02-15
478,Customer_478,Hyderabad,2022-03-17
479,Customer_479,Chennai,2023-10-07
480,Customer_480,Pune,2022-02-24
481,Customer_481,Mumbai,2022-06-02
482,Customer_482,Chennai,2022-11-08
483,Customer_483,Bangalore,2022-09-12
484,Customer_484,Bangalore,2023-07-26
485,Customer_485,Hyderabad,2023-09-13
486,Customer_486,Chennai,2023-09-26
487,Customer_487,Mumbai,2023-06-20
488,Customer_488,Hyderabad,2023-04-07
489,Customer_489,Hyderabad,2022-11-01
490,Customer_490,Chennai,2023-03-16
491,Customer_491,Delhi,2023-08-06
492,Customer_492,Chennai,2022-03-03
493,Customer_493,Chennai,2022-04-12
494,Customer_494,Mumbai,2023-10-03
495,Customer_495,Mumbai,2022-09-28
496,Customer_496,Pune,2022-03-25
497,Customer_497,Mumbai,2022-09-03
498,Customer_498,Mumbai,2023-07-20
499,Customer_499,Bangalore,2022-06-10
500,Customer_500,Bangalore,2023-02-23
501,Customer_501,Hyderabad,2023-12-07
502,Customer_502,Chennai,2023-04-27
503,Customer_503,Delhi,2022-02-03
504,Customer_504,Mumbai,2022-10-23
505,Customer_505,Pune,2022-10-17
506,Customer_506,Pune,2023-04-10
507,Customer_507,Bangalore,2023-12-05
508,Customer_508,Mumbai,2022-09-28
509,Customer_509,Pune,2023-08-27
510,Customer_510,Pune,2022-07-22
511,Customer_511,Hyderabad,2022-04-28
512,Customer_512,Chennai,2022-08-19
513,Customer_513,Pune,2022-06-02
514,Customer_514,Delhi,2022-05-26
515,Customer_515,Bangalore,2022-03-03
516,Customer_516,Mumbai,2022-11-11
517,Customer_517,Chennai,2023-08-06
518,Customer_518,Delhi,2023-03-26
519,Customer_519,Bangalore,2023-04-25
520,Customer_520,Pune,2022-11-08
521,Customer_521,Pune,2023-02-17
522,Customer_522,Delhi,2023-05-28
523,Customer_523,Chennai,2023-05-21
524,Customer_524,Hyderabad,2022-03-24
525,Customer_525,Chennai,2022-02-10
526,Customer_526,Hyderabad,2022-11-27
527,Customer_527,Chennai,2022-09-14
528,Customer_528,Bangalore,2022-04-04
529,Customer_529,Mumbai,2023-11-22
530,Customer_530,Chennai,2023-08-25
531,Customer_531,Bangalore,2023-11-20
532,Customer_532,Delhi,2023-08-14
533,Customer_533,Bangalore,2022-06-29
534,Customer_534,Hyderabad,2023-06-16
535,Customer_535,Pune,2023-03-29
536,Customer_536,Delhi,2022-07-05
537,Customer_537,Chennai,2023-03-23
538,Customer_538,Pune,2023-05-19
539,Customer_539,Bangalore,2023-04-27
540,Customer_540,Delhi,2023-02-23
541,Customer_541,Delhi,2022-11-25
542,Customer_542,Pune,2022-04-18
543,Customer_543,Mumbai,2022-12-04
544,Customer_544,Hyderabad,2023-12-12
545,Customer_545,Hyderabad,2022-10-23
546,Customer_546,Pune,2023-02-15
547,Customer_547,Chennai,2022-02-07
548,Customer_548,Hyderabad,2022-04-01
549,Customer_549,Delhi,2022-09-16
550,Customer_550,Delhi,2022-04-29
551,Customer_551,Hyderabad,2023-06-11
552,Customer_552,Bangalore,2023-11-05
553,Customer_553,Chennai,2023-04-19
554,Customer_554,Hyderabad,2022-02-25
555,Customer_555,Mumbai,2023-06-15
556,Customer_556,Delhi,2023-09-30
557,Customer_557,Hyderabad,2023-10-03
558,Customer_558,Hyderabad,2022-02-22
559,Customer_559,Mumbai,2022-10-01
560,Customer_560,Chennai,2022-05-15
561,Customer_561,Delhi,2023-03-25
562,Customer_562,Pune,2023-05-12
563,Customer_563,Bangalore,2022-01-30
564,Customer_564,Pune,2023-09-16
565,Customer_565,Mumbai,2023-12-28
566,Customer_566,Mumbai,2022-11-15
567,Customer_567,Chennai,2022-01-15
568,Customer_568,Chennai,2023-02-22
569,Customer_569,Bangalore,2022-08-19
570,Customer_570,Bangalore,2023-04-18
571,Customer_571,Bangalore,2023-10-26
572,Customer_572,Mumbai,2023-05-26
573,Customer_573,Pune,2022-10-26
574,Customer_574,Chennai,2023-12-24
575,Customer_575,Delhi,2023-03-02
576,Customer_576,Hyderabad,2023-04-29
577,Customer_577,Mumbai,2023-04-13
578,Customer_578,Chennai,2022-05-29
579,Customer_579,Hyderabad,2022-07-15
580,Customer_580,Chennai,2023-06-05
581,Customer_581,Pune,2022-05-20
582,Customer_582,Bangalore,2022-10-10
583,Customer_583,Hyderabad,2022-12-15
584,Customer_584,Chennai,2022-10-01
585,Customer_585,Bangalore,2022-10-17
586,Customer_586,Pune,2022-11-02
587,Customer_587,Chennai,2023-08-17
588,Customer_588,Pune,2023-05-17
589,Customer_589,Mumbai,2023-04-03
590,Customer_590,Chennai,2023-05-11
591,Customer_591,Delhi,2022-12-07
592,Customer_592,Chennai,2023-07-11
593,Customer_593,Hyderabad,2023-04-12
594,Customer_594,Delhi,2022-07-13
595,Customer_595,Pune,2022-09-02
596,Customer_596,Chennai,2023-01-28
597,Customer_597,Mumbai,2023-02-25
598,Customer_598,Bangalore,2022-11-22
599,Customer_599,Pune,2023-04-30
600,Customer_600,Pune,2023-01-26
601,Customer_601,Hyderabad,2023-11-11
602,Customer_602,Pune,2022-06-05
603,Customer_603,Hyderabad,2022-02-07
604,Customer_604,Mumbai,2023-05-30
605,Customer_605,Chennai,2022-12-06
606,Customer_606,Bangalore,2023-03-27
607,Customer_607,Bangalore,2023-06-23
608,Customer_608,Hyderabad,2022-01-16
609,Customer_609,Pune,2022-05-28
610,Customer_610,Hyderabad,2023-11-02
611,Customer_611,Mumbai,2022-03-18
612,Customer_612,Hyderabad,2022-09-29
613,Customer_613,Delhi,2023-10-01
614,Customer_614,Pune,2023-02-12
615,Customer_615,Pune,2022-03-24
616,Customer_616,Delhi,2023-11-22
617,Customer_617,Chennai,2023-01-25
618,Customer_618,Delhi,2023-10-04
619,Customer_619,Pune,2023-05-15
620,Customer_620,Chennai,2022-02-06
621,Customer_621,Chennai,2022-03-12
622,Customer_622,Mumbai,2023-10-09
623,Customer_623,Pune,2022-10-22
624,Customer_624,Mumbai,2022-04-03
625,Customer_625,Hyderabad,2022-04-11
626,Customer_626,Pune,2023-12-22
627,Customer_627,Bangalore,2023-03-31
628,Customer_628,Mumbai,2023-12-12
629,Customer_629,Delhi,2022-01-30
630,Customer_630,Bangalore,2022-11-29
631,Customer_631,Bangalore,2022-10-28
632,Customer_632,Delhi,2023-01-19
633,Customer_633,Hyderabad,2022-05-30
634,Customer_634,Mumbai,2023-06-28
635,Customer_635,Hyderabad,2023-08-03
636,Customer_636,Pune,2022-07-04
637,Customer_637,Mumbai,2022-06-29
638,Customer_638,Bangalore,2023-09-17
639,Customer_639,Hyderabad,2023-09-27
640,Customer_640,Pune,2022-09-04
641,Customer_641,Hyderabad,2023-08-21
642,Customer_642,Mumbai,2022-08-26
643,Customer_643,Hyderabad,2023-10-16
644,Customer_644,Delhi,2023-04-16
645,Customer_645,Delhi,2023-11-14
646,Customer_646,Bangalore,2023-04-22
647,Customer_647,Delhi,2023-11-25
648,Customer_648,Chennai,2022-06-11
649,Customer_649,Bangalore,2023-03-29
650,Customer_650,Delhi,2023-08-25
651,Customer_651,Delhi,2023-10-17
652,Customer_652,Hyderabad,2023-12-08
653,Customer_653,Delhi,2023-04-13
654,Customer_654,Delhi,2022-07-23
655,Customer_655,Hyderabad,2023-05-10
656,Customer_656,Bangalore,2022-08-31
657,Customer_657,Hyderabad,2023-08-09
658,Customer_658,Delhi,2023-08-12
659,Customer_659,Delhi,2023-12-18
660,Customer_660,Delhi,2022-01-23
661,Customer_661,Pune,2023-02-10
662,Customer_662,Delhi,2022-01-09
663,Customer_663,Chennai,2023-12-04
664,Customer_664,Pune,2022-02-20
665,Customer_665,Chennai,2023-05-24
666,Customer_666,Delhi,2022-08-24
667,Customer_667,Chennai,2022-12-27
668,Customer_668,Mumbai,2023-10-14
669,Customer_669,Mumbai,2023-09-28
670,Customer_670,Delhi,2023-11-26
671,Customer_671,Pune,2023-11-07
672,Customer_672,Pune,2022-05-21
673,Customer_673,Pune,2022-04-10
674,Customer_674,Pune,2023-10-24
675,Customer_675,Bangalore,2022-11-13
676,Customer_676,Hyderabad,2022-02-04
677,Customer_677,Chennai,2023-01-09
678,Customer_678,Pune,2022-05-15
679,Customer_679,Bangalore,2022-10-30
680,Customer_680,Delhi,2023-03-02
681,Customer_681,Mumbai,2022-07-25
682,Customer_682,Mumbai,2023-07-07
683,Customer_683,Delhi,2023-06-28
684,Customer_684,Chennai,2022-10-07
685,Customer_685,Mumbai,2022-09-21
686,Customer_686,Hyderabad,2022-10-30
687,Customer_687,Pune,2022-12-13
688,Customer_688,Bangalore,2023-04-25
689,Customer_689,Bangalore,2022-05-25
690,Customer_690,Mumbai,2023-11-24
691,Customer_691,Pune,2023-11-22
692,Customer_692,Hyderabad,2023-07-25
693,Customer_693,Delhi,2022-04-03
694,Customer_694,Hyderabad,2022-01-15
695,Customer_695,Delhi,2023-07-04
696,Customer_696,Bangalore,2023-04-11
697,Customer_697,Delhi,2023-11-20
698,Customer_698,Pune,2023-11-20
699,Customer_699,Delhi,2023-08-22
700,Customer_700,Hyderabad,2023-10-16
701,Customer_701,Delhi,2022-04-21
702,Customer_702,Pune,2022-08-28
703,Customer_703,Hyderabad,2022-01-26
704,Customer_704,Chennai,2023-07-29
705,Customer_705,Delhi,2023-09-17
706,Customer_706,Mumbai,2023-10-26
707,Customer_707,Bangalore,2023-10-13
708,Customer_708,Hyderabad,2023-12-19
709,Customer_709,Delhi,2023-10-27
710,Customer_710,Hyderabad,2022-04-30
711,Customer_711,Mumbai,2022-02-16
712,Customer_712,Bangalore,2022-11-08
713,Customer_713,Hyderabad,2022-04-29
714,Customer_714,Bangalore,2022-08-29
715,Customer_715,Chennai,2022-05-19
716,Customer_716,Hyderabad,2023-04-10
717,Customer_717,Delhi,2023-11-18
718,Customer_718,Pune,2023-12-15
719,Customer_719,Chennai,2023-03-06
720,Customer_720,Chennai,2022-06-08
721,Customer_721,Hyderabad,2023-11-02
722,Customer_722,Bangalore,2023-05-17
723,Customer_723,Chennai,2023-02-22
724,Customer_724,Delhi,2022-02-03
725,Customer_725,Pune,2023-01-15
726,Customer_726,Mumbai,2023-03-31
727,Customer_727,Hyderabad,2022-08-30
728,Customer_728,Delhi,2022-04-12
729,Customer_729,Pune,2023-01-12
730,Customer_730,Chennai,2023-10-23
731,Customer_731,Delhi,2022-03-04
732,Customer_732,Hyderabad,2022-10-10
733,Customer_733,Mumbai,2022-05-06
734,Customer_734,Hyderabad,2022-04-04
735,Customer_735,Pune,2022-08-06
736,Customer_736,Pune,2023-10-17
737,Customer_737,Chennai,2022-01-22
738,Customer_738,Bangalore,2022-12-08
739,Customer_739,Mumbai,2022-05-09
740,Customer_740,Chennai,2022-07-30
741,Customer_741,Bangalore,2023-07-22
742,Customer_742,Mumbai,2023-08-24
743,Customer_743,Mumbai,2022-08-27
744,Customer_744,Delhi,2022-06-01
745,Customer_745,Chennai,2022-01-03
746,Customer_746,Delhi,2022-05-29
747,Customer_747,Mumbai,2023-07-08
748,Customer_748,Delhi,2022-06-28
749,Customer_749,Bangalore,2023-11-08
750,Customer_750,Bangalore,2022-05-15
751,Customer_751,Bangalore,2023-01-02
752,Customer_752,Mumbai,2023-08-26
753,Customer_753,Delhi,2022-01-17
754,Customer_754,Mumbai,2022-09-29
755,Customer_755,Bangalore,2022-05-10
756,Customer_756,Pune,2023-03-08
757,Customer_757,Chennai,2022-04-27
758,Customer_758,Pune,2022-03-07
759,Customer_759,Hyderabad,2023-04-05
760,Customer_760,Delhi,2023-06-10
761,Customer_761,Chennai,2022-04-22
762,Customer_762,Hyderabad,2023-05-31
763,Customer_763,Mumbai,2023-09-22
764,Customer_764,Bangalore,2023-11-06
765,Customer_765,Chennai,2022-11-05
766,Customer_766,Hyderabad,2023-10-21
767,Customer_767,Bangalore,2022-03-04
768,Customer_768,Hyderabad,2023-02-16
769,Customer_769,Hyderabad,2023-12-04
770,Customer_770,Bangalore,2023-05-18
771,Customer_771,Pune,2023-03-31
772,Customer_772,Bangalore,2022-03-24
773,Customer_773,Delhi,2023-09-15
774,Customer_774,Mumbai,2022-03-09
775,Customer_775,Mumbai,2022-10-09
776,Customer_776,Chennai,2023-10-11
777,Customer_777,Chennai,2023-07-16
778,Customer_778,Pune,2022-11-29
779,Customer_779,Hyderabad,2023-09-04
780,Customer_780,Chennai,2022-10-29
781,Customer_781,Hyderabad,2023-06-02
782,Customer_782,Chennai,2023-03-17
783,Customer_783,Bangalore,2023-12-20
784,Customer_784,Bangalore,2023-11-02
785,Customer_785,Pune,2023-07-19
786,Customer_786,Pune,2022-08-09
787,Customer_787,Hyderabad,2023-04-08
788,Customer_788,Mumbai,2023-02-28
789,Customer_789,Delhi,2023-04-10
790,Customer_790,Hyderabad,2023-03-02
791,Customer_791,Pune,2022-04-08
792,Customer_792,Delhi,2023-03-14
793,Customer_793,Delhi,2023-11-13
794,Customer_794,Delhi,2023-01-19
795,Customer_795,Mumbai,2023-12-05
796,Customer_796,Hyderabad,2022-03-10
797,Customer_797,Bangalore,2022-03-29
798,Customer_798,Bangalore,2023-03-19
799,Customer_799,Bangalore,2023-01-17
800,Customer_800,Mumbai,2023-07-24
801,Customer_801,Bangalore,2023-08-24
802,Customer_802,Chennai,2023-07-30
803,Customer_803,Delhi,2023-11-18
804,Customer_804,Bangalore,2023-02-25
805,Customer_805,Delhi,2023-11-13
806,Customer_806,Hyderabad,2022-02-22
807,Customer_807,Delhi,2023-09-07
808,Customer_808,Delhi,2022-12-27
809,Customer_809,Bangalore,2023-08-15
810,Customer_810,Chennai,2022-08-06
811,Customer_811,Mumbai,2023-11-04
812,Customer_812,Hyderabad,2022-08-18
813,Customer_813,Bangalore,2022-12-25
814,Customer_814,Chennai,2023-01-12
815,Customer_815,Bangalore,2022-10-13
816,Customer_816,Chennai,2022-08-20
817,Customer_817,Hyderabad,2023-07-29
818,Customer_818,Chennai,2023-09-21
819,Customer_819,Pune,2023-10-21
820,Customer_820,Chennai,2022-01-27
821,Customer_821,Chennai,2023-11-05
822,Customer_822,Pune,2022-10-01
823,Customer_823,Bangalore,2022-07-04
824,Customer_824,Delhi,2023-12-21
825,Customer_825,Delhi,2022-12-14
826,Customer_826,Delhi,2022-01-07
827,Customer_827,Mumbai,2022-05-27
828,Customer_828,Chennai,2023-11-05
829,Customer_829,Hyderabad,2022-03-13
830,Customer_830,Mumbai,2023-10-11
831,Customer_831,Bangalore,2022-04-04
832,Customer_832,Pune,2023-06-28
833,Customer_833,Mumbai,2023-01-21
834,Customer_834,Hyderabad,2023-04-10
835,Customer_835,Delhi,2022-06-11
836,Customer_836,Delhi,2022-11-16
837,Customer_837,Pune,2022-11-29
838,Customer_838,Chennai,2023-09-03
839,Customer_839,Bangalore,2022-02-23
840,Customer_840,Mumbai,2022-06-11
841,Customer_841,Chennai,2022-02-20
842,Customer_842,Pune,2022-03-25
843,Customer_843,Delhi,2023-03-30
844,Customer_844,Pune,2023-03-11
845,Customer_845,Hyderabad,2023-09-14
846,Customer_846,Hyderabad,2023-03-01
847,Customer_847,Delhi,2022-08-09
848,Customer_848,Chennai,2022-04-27
849,Customer_849,Delhi,2023-03-17
850,Customer_850,Bangalore,2022-10-18
851,Customer_851,Pune,2023-11-26
852,Customer_852,Chennai,2023-05-14
853,Customer_853,Chennai,2023-11-15
854,Customer_854,Delhi,2022-02-16
855,Customer_855,Mumbai,2023-02-09
856,Customer_856,Chennai,2022-02-26
857,Customer_857,Bangalore,2022-07-29
858,Customer_858,Delhi,2022-08-05
859,Customer_859,Mumbai,2022-09-19
860,Customer_860,Delhi,2022-12-02
861,Customer_861,Bangalore,2022-01-08
862,Customer_862,Hyderabad,2023-03-17
863,Customer_863,Mumbai,2022-05-13
864,Customer_864,Hyderabad,2023-06-30
865,Customer_865,Pune,2022-08-24
866,Customer_866,Chennai,2023-07-27
867,Customer_867,Pune,2022-12-29
868,Customer_868,Bangalore,2023-02-11
869,Customer_869,Pune,2022-02-13
870,Customer_870,Hyderabad,2022-01-20
871,Customer_871,Hyderabad,2022-03-21
872,Customer_872,Delhi,2023-08-13
873,Customer_873,Hyderabad,2023-08-11
874,Customer_874,Hyderabad,2023-12-28
875,Customer_875,Pune,2023-03-04
876,Customer_876,Delhi,2022-04-28
877,Customer_877,Hyderabad,2022-01-22
878,Customer_878,Delhi,2022-06-25
879,Customer_879,Chennai,2023-04-17
880,Customer_880,Pune,2023-01-06
881,Customer_881,Bangalore,2023-03-24
882,Customer_882,Bangalore,2022-09-07
883,Customer_883,Hyderabad,2023-08-27
884,Customer_884,Hyderabad,2023-06-21
885,Customer_885,Bangalore,2023-02-10
886,Customer_886,Delhi,2022-12-14
887,Customer_887,Mumbai,2022-12-08
888,Customer_888,Mumbai,2022-03-20
889,Customer_889,Chennai,2023-10-11
890,Customer_890,Bangalore,2023-06-28
891,Customer_891,Chennai,2022-07-18
892,Customer_892,Delhi,2022-12-26
893,Customer_893,Pune,2023-10-23
894,Customer_894,Mumbai,2022-08-30
895,Customer_895,Bangalore,2022-05-30
896,Customer_896,Delhi,2022-07-22
897,Customer_897,Mumbai,2023-09-09
898,Customer_898,Mumbai,2023-11-03
899,Customer_899,Bangalore,2022-07-01
900,Customer_900,Pune,2023-05-21
901,Customer_901,Hyderabad,2023-08-01
902,Customer_902,Chennai,2023-04-05
903,Customer_903,Pune,2023-08-02
904,Customer_904,Pune,2023-10-13
905,Customer_905,Chennai,2022-11-27
906,Customer_906,Pune,2022-11-20
907,Customer_907,Mumbai,2023-03-27
908,Customer_908,Bangalore,2023-04-26
909,Customer_909,Hyderabad,2023-10-09
910,Customer_910,Delhi,2022-10-09
911,Customer_911,Chennai,2022-02-27
912,Customer_912,Delhi,2023-06-04
913,Customer_913,Bangalore,2022-11-14
914,Customer_914,Hyderabad,2023-04-08
915,Customer_915,Bangalore,2022-02-28
916,Customer_916,Delhi,2022-10-21
917,Customer_917,Bangalore,2023-10-23
918,Customer_918,Bangalore,2023-09-22
919,Customer_919,Chennai,2023-06-04
920,Customer_920,Hyderabad,2023-04-19
921,Customer_921,Chennai,2023-07-22
922,Customer_922,Pune,2022-02-12
923,Customer_923,Hyderabad,2023-08-09
924,Customer_924,Pune,2022-07-12
925,Customer_925,Delhi,2023-09-12
926,Customer_926,Hyderabad,2023-05-29
927,Customer_927,Mumbai,2022-03-05
928,Customer_928,Hyderabad,2022-04-16
929,Customer_929,Delhi,2022-03-28
930,Customer_930,Chennai,2023-10-24
931,Customer_931,Mumbai,2022-02-10
932,Customer_932,Mumbai,2023-12-26
933,Customer_933,Hyderabad,2023-03-26
934,Customer_934,Chennai,2023-06-20
935,Customer_935,Chennai,2022-06-12
936,Customer_936,Delhi,2023-01-17
937,Customer_937,Delhi,2023-02-01
938,Customer_938,Hyderabad,2022-12-13
939,Customer_939,Pune,2023-09-05
940,Customer_940,Bangalore,2023-10-09
941,Customer_941,Pune,2022-12-09
942,Customer_942,Bangalore,2022-12-04
943,Customer_943,Bangalore,2023-07-26
944,Customer_944,Pune,2023-01-31
945,Customer_945,Delhi,2022-09-16
946,Customer_946,Pune,2023-11-04
947,Customer_947,Chennai,2022-06-03
948,Customer_948,Delhi,2022-03-25
949,Customer_949,Chennai,2023-11-11
950,Customer_950,Mumbai,2022-12-25
951,Customer_951,Delhi,2023-11-03
952,Customer_952,Pune,2023-11-10
953,Customer_953,Hyderabad,2022-05-13
954,Customer_954,Chennai,2023-12-27
955,Customer_955,Bangalore,2022-11-14
956,Customer_956,Chennai,2023-01-21
957,Customer_957,Pune,2022-12-03
958,Customer_958,Mumbai,2023-11-18
959,Customer_959,Pune,2023-12-03
960,Customer_960,Chennai,2022-04-06
961,Customer_961,Pune,2023-11-18
962,Customer_962,Hyderabad,2023-06-05
963,Customer_963,Delhi,2022-01-19
964,Customer_964,Delhi,2022-11-13
965,Customer_965,Mumbai,2022-08-08
966,Customer_966,Delhi,2023-05-13
967,Customer_967,Mumbai,2022-08-20
968,Customer_968,Mumbai,2022-06-08
969,Customer_969,Bangalore,2022-10-30
970,Customer_970,Bangalore,2023-06-04
971,Customer_971,Chennai,2023-06-24
972,Customer_972,Bangalore,2023-11-09
973,Customer_973,Delhi,2023-09-25
974,Customer_974,Mumbai,2023-09-04
975,Customer_975,Hyderabad,2022-06-07
976,Customer_976,Mumbai,2022-07-05
977,Customer_977,Pune,2023-10-02
978,Customer_978,Mumbai,2023-03-25
979,Customer_979,Bangalore,2023-02-25
980,Customer_980,Delhi,2023-11-24
981,Customer_981,Pune,2022-09-01
982,Customer_982,Hyderabad,2023-09-18
983,Customer_983,Delhi,2023-04-05
984,Customer_984,Mumbai,2023-07-01
985,Customer_985,Mumbai,2022-11-13
986,Customer_986,Hyderabad,2022-07-18
987,Customer_987,Delhi,2023-11-26
988,Customer_988,Chennai,2023-03-28
989,Customer_989,Hyderabad,2022-10-16
990,Customer_990,Hyderabad,2023-05-30
991,Customer_991,Chennai,2023-03-05
992,Customer_992,Mumbai,2022-07-24
993,Customer_993,Chennai,2022-05-22
994,Customer_994,Delhi,2022-02-23
995,Customer_995,Pune,2023-05-08
996,Customer_996,Delhi,2023-07-22
997,Customer_997,Bangalore,2023-12-30
998,Customer_998,Chennai,2022-05-08
999,Customer_999,Delhi,2022-03-27
1000,Customer_1000,Mumbai,2022-10-07
1001,Customer_1001,Hyderabad,2023-06-10
1002,Customer_1002,Mumbai,2023-03-24
1003,Customer_1003,Bangalore,2022-08-16
1004,Customer_1004,Hyderabad,2022-12-24
1005,Customer_1005,Bangalore,2023-03-01
1006,Customer_1006,Bangalore,2023-02-10
1007,Customer_1007,Chennai,2023-01-18
1008,Customer_1008,Mumbai,2023-01-31
1009,Customer_1009,Bangalore,2023-01-19
1010,Customer_1010,Mumbai,2022-01-29
1011,Customer_1011,Delhi,2022-04-12
1012,Customer_1012,Pune,2023-10-28
1013,Customer_1013,Delhi,2022-05-30
1014,Customer_1014,Mumbai,2022-02-09
1015,Customer_1015,Delhi,2023-04-29
1016,Customer_1016,Pune,2022-05-23
1017,Customer_1017,Pune,2023-04-26
1018,Customer_1018,Hyderabad,2023-09-23
1019,Customer_1019,Bangalore,2022-03-23
1020,Customer_1020,Bangalore,2022-09-20
1021,Customer_1021,Mumbai,2022-06-03
1022,Customer_1022,Chennai,2023-09-16
1023,Customer_1023,Chennai,2023-03-10
1024,Customer_1024,Bangalore,2022-10-23
1025,Customer_1025,Mumbai,2022-11-05
1026,Customer_1026,Bangalore,2022-02-18
1027,Customer_1027,Mumbai,2023-03-06
1028,Customer_1028,Pune,2023-09-30
1029,Customer_1029,Hyderabad,2022-03-06
1030,Customer_1030,Bangalore,2023-05-27
1031,Customer_1031,Chennai,2023-07-03
1032,Customer_1032,Bangalore,2023-10-10
1033,Customer_1033,Chennai,2023-08-12
1034,Customer_1034,Mumbai,2022-05-28
1035,Customer_1035,Delhi,2023-03-16
1036,Customer_1036,Bangalore,2023-09-22
1037,Customer_1037,Delhi,2022-09-04
1038,Customer_1038,Chennai,2023-03-03
1039,Customer_1039,Mumbai,2023-11-12
1040,Customer_1040,Pune,2022-03-29
1041,Customer_1041,Chennai,2023-01-05
1042,Customer_1042,Bangalore,2023-06-23
1043,Customer_1043,Chennai,2023-06-04
1044,Customer_1044,Chennai,2023-07-22
1045,Customer_1045,Bangalore,2023-02-04
1046,Customer_1046,Hyderabad,2022-02-14
1047,Customer_1047,Pune,2023-02-01
1048,Customer_1048,Delhi,2022-09-17
1049,Customer_1049,Pune,2022-01-17
1050,Customer_1050,Delhi,2022-03-11
1051,Customer_1051,Delhi,2022-09-04
1052,Customer_1052,Pune,2023-11-04
1053,Customer_1053,Pune,2022-04-17
1054,Customer_1054,Chennai,2022-12-07
1055,Customer_1055,Mumbai,2022-02-15
1056,Customer_1056,Delhi,2023-07-14
1057,Customer_1057,Delhi,2023-10-21
1058,Customer_1058,Mumbai,2023-12-03
1059,Customer_1059,Hyderabad,2023-12-14
1060,Customer_1060,Hyderabad,2023-10-09
1061,Customer_1061,Mumbai,2022-05-19
1062,Customer_1062,Bangalore,2023-04-14
1063,Customer_1063,Bangalore,2022-10-28
1064,Customer_1064,Mumbai,2022-02-14
1065,Customer_1065,Mumbai,2022-02-12
1066,Customer_1066,Delhi,2022-11-14
1067,Customer_1067,Chennai,2023-02-12
1068,Customer_1068,Chennai,2023-04-30
1069,Customer_1069,Delhi,2022-02-07
1070,Customer_1070,Pune,2022-07-15
1071,Customer_1071,Delhi,2023-01-01
1072,Customer_1072,Bangalore,2023-11-03
1073,Customer_1073,Delhi,2022-10-07
1074,Customer_1074,Bangalore,2023-01-12
1075,Customer_1075,Hyderabad,2023-02-14
1076,Customer_1076,Pune,2023-03-27
1077,Customer_1077,Hyderabad,2022-12-14
1078,Customer_1078,Mumbai,2023-05-24
1079,Customer_1079,Pune,2023-05-25
1080,Customer_1080,Delhi,2023-06-16
1081,Customer_1081,Delhi,2022-03-26
1082,Customer_1082,Pune,2023-03-11
1083,Customer_1083,Bangalore,2023-03-17
1084,Customer_1084,Chennai,2022-07-04
1085,Customer_1085,Chennai,2022-10-28
1086,Customer_1086,Delhi,2022-04-16
1087,Customer_1087,Bangalore,2022-12-02
1088,Customer_1088,Pune,2022-10-30
1089,Customer_1089,Delhi,2023-04-02
1090,Customer_1090,Chennai,2023-03-13
1091,Customer_1091,Mumbai,2023-12-08
1092,Customer_1092,Hyderabad,2022-12-26
1093,Customer_1093,Hyderabad,2022-02-13
1094,Customer_1094,Pune,2022-12-28
1095,Customer_1095,Chennai,2023-03-22
1096,Customer_1096,Delhi,2023-10-17
1097,Customer_1097,Bangalore,2022-03-18
1098,Customer_1098,Pune,2023-10-15
1099,Customer_1099,Hyderabad,2023-01-08
1100,Customer_1100,Chennai,2023-11-27
1101,Customer_1101,Mumbai,2022-02-01
1102,Customer_1102,Mumbai,2023-09-15
1103,Customer_1103,Pune,2023-03-25
1104,Customer_1104,Bangalore,2022-05-10
1105,Customer_1105,Bangalore,2022-08-30
1106,Customer_1106,Pune,2023-01-11
1107,Customer_1107,Delhi,2023-01-28
1108,Customer_1108,Chennai,2022-02-03
1109,Customer_1109,Chennai,2022-06-07
1110,Customer_1110,Pune,2023-04-06
1111,Customer_1111,Delhi,2023-01-16
1112,Customer_1112,Hyderabad,2022-03-20
1113,Customer_1113,Chennai,2022-05-21
1114,Customer_1114,Chennai,2023-01-11
1115,Customer_1115,Hyderabad,2022-11-18
1116,Customer_1116,Pune,2022-10-13
1117,Customer_1117,Mumbai,2022-04-27
1118,Customer_1118,Bangalore,2022-07-10
1119,Customer_1119,Hyderabad,2023-06-15
1120,Customer_1120,Hyderabad,2023-07-30
1121,Customer_1121,Bangalore,2022-09-26
1122,Customer_1122,Delhi,2023-12-22
1123,Customer_1123,Hyderabad,2022-08-08
1124,Customer_1124,Chennai,2022-10-20
1125,Customer_1125,Pune,2023-05-18
1126,Customer_1126,Mumbai,2022-05-06
1127,Customer_1127,Mumbai,2022-03-17
1128,Customer_1128,Hyderabad,2022-06-26
1129,Customer_1129,Pune,2023-04-01
1130,Customer_1130,Bangalore,2023-11-30
1131,Customer_1131,Delhi,2023-11-15
1132,Customer_1132,Delhi,2023-12-28
1133,Customer_1133,Bangalore,2023-07-18
1134,Customer_1134,Chennai,2022-10-25
1135,Customer_1135,Delhi,2022-06-11
1136,Customer_1136,Pune,2023-12-28
1137,Customer_1137,Pune,2023-10-16
1138,Customer_1138,Mumbai,2023-01-06
1139,Customer_1139,Chennai,2022-08-18
1140,Customer_1140,Bangalore,2022-07-25
1141,Customer_1141,Mumbai,2022-08-31
1142,Customer_1142,Hyderabad,2022-01-27
1143,Customer_1143,Delhi,2023-07-22
1144,Customer_1144,Chennai,2023-01-13
1145,Customer_1145,Hyderabad,2023-07-19
1146,Customer_1146,Mumbai,2023-09-19
1147,Customer_1147,Bangalore,2022-03-09
1148,Customer_1148,Delhi,2023-02-12
1149,Customer_1149,Pune,2023-05-06
1150,Customer_1150,Chennai,2023-02-25
1151,Customer_1151,Hyderabad,2023-08-12
1152,Customer_1152,Bangalore,2022-05-09
1153,Customer_1153,Delhi,2023-10-20
1154,Customer_1154,Bangalore,2023-04-06
1155,Customer_1155,Hyderabad,2023-11-28
1156,Customer_1156,Chennai,2022-12-19
1157,Customer_1157,Mumbai,2023-07-19
1158,Customer_1158,Pune,2023-08-25
1159,Customer_1159,Mumbai,2022-05-13
1160,Customer_1160,Hyderabad,2023-05-30
1161,Customer_1161,Bangalore,2022-05-08
1162,Customer_1162,Chennai,2022-06-06
1163,Customer_1163,Delhi,2022-06-18
1164,Customer_1164,Mumbai,2022-11-27
1165,Customer_1165,Pune,2022-08-19
1166,Customer_1166,Delhi,2023-06-16
1167,Customer_1167,Delhi,2022-03-22
1168,Customer_1168,Delhi,2022-07-21
1169,Customer_1169,Pune,2023-07-19
1170,Customer_1170,Delhi,2022-05-09
1171,Customer_1171,Pune,2022-11-07
1172,Customer_1172,Chennai,2023-07-01
1173,Customer_1173,Bangalore,2023-05-30
1174,Customer_1174,Pune,2022-06-22
1175,Customer_1175,Chennai,2023-08-18
1176,Customer_1176,Mumbai,2022-06-25
1177,Customer_1177,Pune,2023-10-02
1178,Customer_1178,Pune,2023-09-12
1179,Customer_1179,Delhi,2023-08-01
1180,Customer_1180,Bangalore,2022-01-30
1181,Customer_1181,Bangalore,2022-02-16
1182,Customer_1182,Pune,2023-08-14
1183,Customer_1183,Delhi,2023-10-29
1184,Customer_1184,Mumbai,2023-08-09
1185,Customer_1185,Hyderabad,2023-09-25
1186,Customer_1186,Pune,2022-02-01
1187,Customer_1187,Hyderabad,2023-10-05
1188,Customer_1188,Chennai,2022-10-24
1189,Customer_1189,Pune,2022-11-06
1190,Customer_1190,Hyderabad,2022-09-08
1191,Customer_1191,Pune,2023-02-20
1192,Customer_1192,Delhi,2023-04-10
1193,Customer_1193,Bangalore,2023-12-07
1194,Customer_1194,Bangalore,2022-06-11
1195,Customer_1195,Hyderabad,2023-03-02
1196,Customer_1196,Hyderabad,2023-04-21
1197,Customer_1197,Mumbai,2022-12-15
1198,Customer_1198,Chennai,2022-05-28
1199,Customer_1199,Delhi,2022-11-23
1200,Customer_1200,Pune,2022-12-20
1201,Customer_1201,Hyderabad,2022-05-14
1202,Customer_1202,Delhi,2023-06-12
1203,Customer_1203,Chennai,2022-04-19
1204,Customer_1204,Delhi,2022-09-05
1205,Customer_1205,Hyderabad,2022-05-06
1206,Customer_1206,Delhi,2023-04-06
1207,Customer_1207,Mumbai,2022-05-25
1208,Customer_1208,Bangalore,2022-02-21
1209,Customer_1209,Delhi,2023-01-29
1210,Customer_1210,Chennai,2023-03-05
1211,Customer_1211,Mumbai,2022-06-13
1212,Customer_1212,Delhi,2023-08-15
1213,Customer_1213,Pune,2022-11-17
1214,Customer_1214,Mumbai,2022-06-13
1215,Customer_1215,Hyderabad,2023-06-12
1216,Customer_1216,Hyderabad,2023-05-26
1217,Customer_1217,Delhi,2023-05-25
1218,Customer_1218,Bangalore,2022-04-03
1219,Customer_1219,Hyderabad,2023-06-02
1220,Customer_1220,Hyderabad,2022-09-04
1221,Customer_1221,Mumbai,2023-08-21
1222,Customer_1222,Delhi,2022-02-19
1223,Customer_1223,Bangalore,2022-10-16
1224,Customer_1224,Hyderabad,2023-09-04
1225,Customer_1225,Pune,2023-11-20
1226,Customer_1226,Hyderabad,2022-10-20
1227,Customer_1227,Chennai,2022-01-09
1228,Customer_1228,Bangalore,2023-03-18
1229,Customer_1229,Mumbai,2022-09-28
1230,Customer_1230,Pune,2023-01-10
1231,Customer_1231,Hyderabad,2023-01-10
1232,Customer_1232,Bangalore,2023-02-15
1233,Customer_1233,Bangalore,2023-08-07
1234,Customer_1234,Chennai,2022-07-19
1235,Customer_1235,Delhi,2023-07-21
1236,Customer_1236,Delhi,2022-03-17
1237,Customer_1237,Hyderabad,2023-06-01
1238,Customer_1238,Hyderabad,2023-07-18
1239,Customer_1239,Delhi,2023-10-01
1240,Customer_1240,Pune,2023-09-18
1241,Customer_1241,Bangalore,2022-05-12
1242,Customer_1242,Bangalore,2023-02-08
1243,Customer_1243,Delhi,2022-12-14
1244,Customer_1244,Chennai,2023-01-10
1245,Customer_1245,Mumbai,2022-07-23
1246,Customer_1246,Chennai,2023-06-06
1247,Customer_1247,Hyderabad,2023-05-28
1248,Customer_1248,Bangalore,2022-02-16
1249,Customer_1249,Bangalore,2022-05-21
1250,Customer_1250,Pune,2022-12-08
1251,Customer_1251,Hyderabad,2023-06-16
1252,Customer_1252,Hyderabad,2022-06-02
1253,Customer_1253,Chennai,2023-06-12
1254,Customer_1254,Mumbai,2022-12-02
1255,Customer_1255,Chennai,2022-11-23
1256,Customer_1256,Mumbai,2023-02-07
1257,Customer_1257,Chennai,2022-11-03
1258,Customer_1258,Chennai,2022-12-11
1259,Customer_1259,Chennai,2023-06-06
1260,Customer_1260,Chennai,2023-05-17
1261,Customer_1261,Pune,2023-07-31
1262,Customer_1262,Delhi,2023-05-02
1263,Customer_1263,Bangalore,2023-01-13
1264,Customer_1264,Delhi,2023-11-21
1265,Customer_1265,Bangalore,2023-03-03
1266,Customer_1266,Chennai,2022-11-12
1267,Customer_1267,Pune,2023-12-06
1268,Customer_1268,Pune,2022-01-28
1269,Customer_1269,Chennai,2023-05-01
1270,Customer_1270,Delhi,2023-11-03
1271,Customer_1271,Chennai,2023-08-15
1272,Customer_1272,Mumbai,2022-02-22
1273,Customer_1273,Chennai,2023-05-07
1274,Customer_1274,Mumbai,2023-06-21
1275,Customer_1275,Pune,2023-09-27
1276,Customer_1276,Hyderabad,2022-06-01
1277,Customer_1277,Pune,2022-09-06
1278,Customer_1278,Bangalore,2023-08-10
1279,Customer_1279,Pune,2022-04-23
1280,Customer_1280,Mumbai,2022-01-20
1281,Customer_1281,Hyderabad,2022-11-18
1282,Customer_1282,Hyderabad,2022-06-05
1283,Customer_1283,Hyderabad,2023-12-09
1284,Customer_1284,Mumbai,2023-02-25
1285,Customer_1285,Chennai,2023-09-19
1286,Customer_1286,Hyderabad,2022-03-05
1287,Customer_1287,Pune,2022-05-22
1288,Customer_1288,Chennai,2022-08-01
1289,Customer_1289,Chennai,2022-11-29
1290,Customer_1290,Pune,2023-05-05
1291,Customer_1291,Chennai,2023-01-21
1292,Customer_1292,Delhi,2022-06-27
1293,Customer_1293,Hyderabad,2023-06-30
1294,Customer_1294,Delhi,2023-07-14
1295,Customer_1295,Delhi,2023-11-24
1296,Customer_1296,Pune,2023-11-29
1297,Customer_1297,Pune,2023-12-11
1298,Customer_1298,Delhi,2023-09-17
1299,Customer_1299,Hyderabad,2022-07-16
1300,Customer_1300,Mumbai,2022-10-13
1301,Customer_1301,Chennai,2022-11-02
1302,Customer_1302,Mumbai,2022-11-01
1303,Customer_1303,Delhi,2023-12-23
1304,Customer_1304,Mumbai,2023-12-08
1305,Customer_1305,Pune,2023-05-16
1306,Customer_1306,Delhi,2023-05-07
1307,Customer_1307,Delhi,2023-07-28
1308,Customer_1308,Pune,2022-10-08
1309,Customer_1309,Delhi,2022-05-05
1310,Customer_1310,Chennai,2023-11-24
1311,Customer_1311,Chennai,2023-01-24
1312,Customer_1312,Hyderabad,2022-12-20
1313,Customer_1313,Mumbai,2022-10-25
1314,Customer_1314,Bangalore,2022-10-22
1315,Customer_1315,Pune,2022-03-22
1316,Customer_1316,Delhi,2023-03-29
1317,Customer_1317,Pune,2022-09-20
1318,Customer_1318,Pune,2023-05-06
1319,Customer_1319,Mumbai,2022-07-26
1320,Customer_1320,Chennai,2022-10-05
1321,Customer_1321,Chennai,2023-12-14
1322,Customer_1322,Delhi,2022-05-21
1323,Customer_1323,Bangalore,2023-09-23
1324,Customer_1324,Pune,2023-08-24
1325,Customer_1325,Mumbai,2022-09-06
1326,Customer_1326,Bangalore,2023-11-17
1327,Customer_1327,Chennai,2022-08-20
1328,Customer_1328,Pune,2022-08-27
1329,Customer_1329,Bangalore,2022-04-13
1330,Customer_1330,Hyderabad,2022-12-05
1331,Customer_1331,Pune,2023-04-29
1332,Customer_1332,Bangalore,2023-11-29
1333,Customer_1333,Mumbai,2022-01-06
1334,Customer_1334,Chennai,2022-06-11
1335,Customer_1335,Hyderabad,2023-10-31
1336,Customer_1336,Hyderabad,2023-05-04
1337,Customer_1337,Pune,2022-07-24
1338,Customer_1338,Delhi,2022-11-25
1339,Customer_1339,Delhi,2023-10-24
1340,Customer_1340,Bangalore,2022-04-02
1341,Customer_1341,Pune,2023-08-11
1342,Customer_1342,Mumbai,2023-07-02
1343,Customer_1343,Pune,2022-02-08
1344,Customer_1344,Mumbai,2023-03-04
1345,Customer_1345,Mumbai,2022-02-07
1346,Customer_1346,Hyderabad,2023-05-23
1347,Customer_1347,Mumbai,2022-10-24
1348,Customer_1348,Bangalore,2022-01-10
1349,Customer_1349,Delhi,2023-08-05
1350,Customer_1350,Chennai,2022-04-20
1351,Customer_1351,Delhi,2022-10-19
1352,Customer_1352,Hyderabad,2023-10-19
1353,Customer_1353,Chennai,2023-06-21
1354,Customer_1354,Hyderabad,2022-05-18
1355,Customer_1355,Chennai,2023-04-25
1356,Customer_1356,Delhi,2022-07-17
1357,Customer_1357,Bangalore,2022-12-05
1358,Customer_1358,Mumbai,2023-04-15
1359,Customer_1359,Pune,2022-09-21
1360,Customer_1360,Pune,2022-07-10
1361,Customer_1361,Bangalore,2022-12-12
1362,Customer_1362,Delhi,2023-08-05
1363,Customer_1363,Pune,2022-07-17
1364,Customer_1364,Mumbai,2023-09-18
1365,Customer_1365,Pune,2023-02-20
1366,Customer_1366,Hyderabad,2023-06-12
1367,Customer_1367,Delhi,2022-03-30
1368,Customer_1368,Hyderabad,2023-11-17
1369,Customer_1369,Bangalore,2022-07-09
1370,Customer_1370,Mumbai,2023-05-04
1371,Customer_1371,Delhi,2022-09-12
1372,Customer_1372,Bangalore,2022-09-25
1373,Customer_1373,Hyderabad,2022-08-30
1374,Customer_1374,Hyderabad,2022-10-01
1375,Customer_1375,Delhi,2022-11-06
1376,Customer_1376,Chennai,2023-08-10
1377,Customer_1377,Bangalore,2022-09-25
1378,Customer_1378,Pune,2023-01-04
1379,Customer_1379,Pune,2022-08-30
1380,Customer_1380,Bangalore,2023-11-15
1381,Customer_1381,Bangalore,2023-04-22
1382,Customer_1382,Delhi,2022-06-13
1383,Customer_1383,Hyderabad,2023-12-04
1384,Customer_1384,Chennai,2023-12-22
1385,Customer_1385,Delhi,2023-12-08
1386,Customer_1386,Bangalore,2023-10-17
1387,Customer_1387,Delhi,2023-01-12
1388,Customer_1388,Chennai,2022-08-15
1389,Customer_1389,Mumbai,2022-05-17
1390,Customer_1390,Hyderabad,2022-06-06
1391,Customer_1391,Hyderabad,2023-09-13
1392,Customer_1392,Delhi,2023-03-02
1393,Customer_1393,Pune,2023-07-17
1394,Customer_1394,Hyderabad,2023-07-05
1395,Customer_1395,Pune,2022-08-12
1396,Customer_1396,Mumbai,2023-11-28
1397,Customer_1397,Chennai,2022-03-25
1398,Customer_1398,Chennai,2023-04-03
1399,Customer_1399,Chennai,2023-12-22
1400,Customer_1400,Delhi,2022-03-21
1401,Customer_1401,Chennai,2022-04-25
1402,Customer_1402,Bangalore,2023-07-15
1403,Customer_1403,Chennai,2022-07-27
1404,Customer_1404,Chennai,2023-07-04
1405,Customer_1405,Mumbai,2022-06-18
1406,Customer_1406,Delhi,2023-06-17
1407,Customer_1407,Hyderabad,2022-04-30
1408,Customer_1408,Pune,2022-07-30
1409,Customer_1409,Pune,2023-08-21
1410,Customer_1410,Hyderabad,2022-04-04
1411,Customer_1411,Chennai,2023-04-02
1412,Customer_1412,Bangalore,2023-04-10
1413,Customer_1413,Mumbai,2023-06-10
1414,Customer_1414,Hyderabad,2023-04-13
1415,Customer_1415,Chennai,2022-03-01
1416,Customer_1416,Chennai,2023-04-19
1417,Customer_1417,Pune,2022-11-12
1418,Customer_1418,Pune,2022-01-23
1419,Customer_1419,Hyderabad,2022-09-18
1420,Customer_1420,Bangalore,2022-08-12
1421,Customer_1421,Chennai,2022-03-16
1422,Customer_1422,Bangalore,2023-03-10
1423,Customer_1423,Delhi,2023-12-19
1424,Customer_1424,Bangalore,2023-07-09
1425,Customer_1425,Bangalore,2022-03-12
1426,Customer_1426,Hyderabad,2022-02-02
1427,Customer_1427,Delhi,2023-02-23
1428,Customer_1428,Mumbai,2022-05-19
1429,Customer_1429,Pune,2023-10-24
1430,Customer_1430,Hyderabad,2023-01-19
1431,Customer_1431,Hyderabad,2023-04-05
1432,Customer_1432,Hyderabad,2023-01-20
1433,Customer_1433,Bangalore,2023-12-01
1434,Customer_1434,Pune,2023-07-07
1435,Customer_1435,Mumbai,2023-11-01
1436,Customer_1436,Delhi,2022-05-02
1437,Customer_1437,Mumbai,2023-07-05
1438,Customer_1438,Hyderabad,2023-06-26
1439,Customer_1439,Mumbai,2022-08-17
1440,Customer_1440,Bangalore,2022-01-24
1441,Customer_1441,Delhi,2023-04-20
1442,Customer_1442,Pune,2023-07-12
1443,Customer_1443,Hyderabad,2023-06-29
1444,Customer_1444,Hyderabad,2022-08-24
1445,Customer_1445,Mumbai,2023-04-17
1446,Customer_1446,Delhi,2022-06-08
1447,Customer_1447,Delhi,2022-07-13
1448,Customer_1448,Pune,2022-04-26
1449,Customer_1449,Bangalore,2023-11-08
1450,Customer_1450,Hyderabad,2023-09-22
1451,Customer_1451,Bangalore,2022-09-04
1452,Customer_1452,Mumbai,2022-03-10
1453,Customer_1453,Bangalore,2023-09-01
1454,Customer_1454,Bangalore,2023-04-03
1455,Customer_1455,Chennai,2023-11-20
1456,Customer_1456,Pune,2022-02-19
1457,Customer_1457,Mumbai,2022-02-15
1458,Customer_1458,Hyderabad,2023-03-26
1459,Customer_1459,Mumbai,2023-07-07
1460,Customer_1460,Mumbai,2022-02-27
1461,Customer_1461,Mumbai,2023-05-31
1462,Customer_1462,Delhi,2022-08-28
1463,Customer_1463,Pune,2023-08-13
1464,Customer_1464,Delhi,2023-08-15
1465,Customer_1465,Chennai,2023-11-20
1466,Customer_1466,Delhi,2022-08-31
1467,Customer_1467,Delhi,2022-05-27
1468,Customer_1468,Pune,2023-06-18
1469,Customer_1469,Mumbai,2023-02-28
1470,Customer_1470,Delhi,2022-10-09
1471,Customer_1471,Bangalore,2023-07-25
1472,Customer_1472,Chennai,2022-06-29
1473,Customer_1473,Pune,2023-11-27
1474,Customer_1474,Hyderabad,2023-07-24
1475,Customer_1475,Hyderabad,2022-02-18
1476,Customer_1476,Delhi,2023-10-21
1477,Customer_1477,Pune,2023-01-26
1478,Customer_1478,Chennai,2022-11-23
1479,Customer_1479,Pune,2023-03-03
1480,Customer_1480,Hyderabad,2022-06-02
1481,Customer_1481,Delhi,2023-01-21
1482,Customer_1482,Mumbai,2023-07-05
1483,Customer_1483,Hyderabad,2022-09-04
1484,Customer_1484,Mumbai,2022-11-04
1485,Customer_1485,Pune,2022-05-28
1486,Customer_1486,Hyderabad,2022-03-01
1487,Customer_1487,Chennai,2023-02-27
1488,Customer_1488,Hyderabad,2023-07-25
1489,Customer_1489,Chennai,2022-05-18
1490,Customer_1490,Hyderabad,2022-09-06
1491,Customer_1491,Delhi,2022-07-28
1492,Customer_1492,Delhi,2023-10-25
1493,Customer_1493,Bangalore,2023-04-06
1494,Customer_1494,Delhi,2022-04-05
1495,Customer_1495,Chennai,2022-07-15
1496,Customer_1496,Bangalore,2022-10-02
1497,Customer_1497,Hyderabad,2023-11-21
1498,Customer_1498,Chennai,2023-09-10
1499,Customer_1499,Bangalore,2022-03-16
1500,Customer_1500,Mumbai,2023-08-25
1501,Customer_1501,Pune,2023-11-19
1502,Customer_1502,Chennai,2022-08-11
1503,Customer_1503,Hyderabad,2022-08-02
1504,Customer_1504,Delhi,2022-11-07
1505,Customer_1505,Bangalore,2022-08-05
1506,Customer_1506,Mumbai,2022-05-01
1507,Customer_1507,Pune,2023-05-06
1508,Customer_1508,Mumbai,2023-12-14
1509,Customer_1509,Chennai,2023-12-22
1510,Customer_1510,Mumbai,2023-02-11
1511,Customer_1511,Mumbai,2023-07-20
1512,Customer_1512,Delhi,2022-10-17
1513,Customer_1513,Hyderabad,2023-04-23
1514,Customer_1514,Chennai,2023-10-27
1515,Customer_1515,Delhi,2022-11-12
1516,Customer_1516,Delhi,2023-01-04
1517,Customer_1517,Chennai,2023-05-25
1518,Customer_1518,Hyderabad,2022-04-11
1519,Customer_1519,Pune,2023-04-26
1520,Customer_1520,Delhi,2022-07-28
1521,Customer_1521,Delhi,2022-11-17
1522,Customer_1522,Hyderabad,2022-02-16
1523,Customer_1523,Chennai,2022-08-15
1524,Customer_1524,Pune,2022-05-30
1525,Customer_1525,Bangalore,2022-09-25
1526,Customer_1526,Chennai,2023-08-22
1527,Customer_1527,Chennai,2023-03-04
1528,Customer_1528,Delhi,2022-06-06
1529,Customer_1529,Mumbai,2022-12-04
1530,Customer_1530,Mumbai,2023-01-24
1531,Customer_1531,Chennai,2022-09-09
1532,Customer_1532,Hyderabad,2023-07-18
1533,Customer_1533,Pune,2023-12-03
1534,Customer_1534,Delhi,2022-09-21
1535,Customer_1535,Hyderabad,2023-10-20
1536,Customer_1536,Pune,2023-05-18
1537,Customer_1537,Hyderabad,2022-06-22
1538,Customer_1538,Pune,2022-12-27
1539,Customer_1539,Mumbai,2022-05-24
1540,Customer_1540,Pune,2023-07-14
1541,Customer_1541,Hyderabad,2022-07-08
1542,Customer_1542,Chennai,2023-10-20
1543,Customer_1543,Bangalore,2023-06-21
1544,Customer_1544,Bangalore,2022-03-18
1545,Customer_1545,Pune,2022-02-19
1546,Customer_1546,Bangalore,2023-02-27
1547,Customer_1547,Mumbai,2023-10-08
1548,Customer_1548,Mumbai,2022-03-11
1549,Customer_1549,Pune,2022-06-04
1550,Customer_1550,Bangalore,2022-08-12
1551,Customer_1551,Chennai,2023-04-12
1552,Customer_1552,Delhi,2022-03-03
1553,Customer_1553,Chennai,2023-10-16
1554,Customer_1554,Pune,2023-09-24
1555,Customer_1555,Hyderabad,2023-11-07
1556,Customer_1556,Hyderabad,2022-01-17
1557,Customer_1557,Bangalore,2023-06-29
1558,Customer_1558,Chennai,2023-02-26
1559,Customer_1559,Bangalore,2022-01-18
1560,Customer_1560,Chennai,2022-10-09
1561,Customer_1561,Chennai,2022-10-21
1562,Customer_1562,Bangalore,2023-05-30
1563,Customer_1563,Pune,2023-11-22
1564,Customer_1564,Hyderabad,2022-07-03
1565,Customer_1565,Bangalore,2022-04-09
1566,Customer_1566,Chennai,2022-06-02
1567,Customer_1567,Mumbai,2022-07-16
1568,Customer_1568,Chennai,2023-06-24
1569,Customer_1569,Delhi,2022-12-29
1570,Customer_1570,Delhi,2023-02-11
1571,Customer_1571,Bangalore,2023-01-18
1572,Customer_1572,Hyderabad,2023-04-16
1573,Customer_1573,Chennai,2022-09-07
1574,Customer_1574,Pune,2022-08-20
1575,Customer_1575,Delhi,2023-12-02
1576,Customer_1576,Bangalore,2023-11-01
1577,Customer_1577,Pune,2022-02-02
1578,Customer_1578,Bangalore,2023-02-20
1579,Customer_1579,Hyderabad,2023-01-22
1580,Customer_1580,Chennai,2023-05-03
1581,Customer_1581,Bangalore,2023-10-15
1582,Customer_1582,Bangalore,2023-12-21
1583,Customer_1583,Mumbai,2022-03-26
1584,Customer_1584,Hyderabad,2023-03-21
1585,Customer_1585,Pune,2022-12-06
1586,Customer_1586,Chennai,2022-04-08
1587,Customer_1587,Chennai,2022-02-13
1588,Customer_1588,Mumbai,2022-08-05
1589,Customer_1589,Pune,2023-08-04
1590,Customer_1590,Hyderabad,2022-10-05
1591,Customer_1591,Bangalore,2022-03-18
1592,Customer_1592,Pune,2022-10-15
1593,Customer_1593,Chennai,2023-08-01
1594,Customer_1594,Pune,2022-02-03
1595,Customer_1595,Mumbai,2022-11-19
1596,Customer_1596,Bangalore,2022-08-01
1597,Customer_1597,Chennai,2022-05-28
1598,Customer_1598,Pune,2023-02-12
1599,Customer_1599,Bangalore,2022-11-03
1600,Customer_1600,Mumbai,2023-08-01
1601,Customer_1601,Mumbai,2023-08-04
1602,Customer_1602,Hyderabad,2023-11-25
1603,Customer_1603,Chennai,2022-12-06
1604,Customer_1604,Hyderabad,2022-05-24
1605,Customer_1605,Pune,2022-03-22
1606,Customer_1606,Chennai,2022-12-21
1607,Customer_1607,Bangalore,2022-04-11
1608,Customer_1608,Hyderabad,2022-08-26
1609,Customer_1609,Bangalore,2022-12-15
1610,Customer_1610,Chennai,2023-09-21
1611,Customer_1611,Chennai,2023-02-11
1612,Customer_1612,Delhi,2022-01-31
1613,Customer_1613,Pune,2022-10-07
1614,Customer_1614,Hyderabad,2023-05-18
1615,Customer_1615,Mumbai,2022-12-31
1616,Customer_1616,Chennai,2023-01-20
1617,Customer_1617,Hyderabad,2022-07-10
1618,Customer_1618,Pune,2023-08-23
1619,Customer_1619,Pune,2023-01-25
1620,Customer_1620,Bangalore,2023-09-26
1621,Customer_1621,Delhi,2022-09-10
1622,Customer_1622,Pune,2022-03-17
1623,Customer_1623,Bangalore,2022-10-02
1624,Customer_1624,Mumbai,2023-01-25
1625,Customer_1625,Pune,2023-10-12
1626,Customer_1626,Mumbai,2023-02-03
1627,Customer_1627,Delhi,2023-01-05
1628,Customer_1628,Bangalore,2022-04-04
1629,Customer_1629,Bangalore,2022-11-12
1630,Customer_1630,Hyderabad,2023-01-04
1631,Customer_1631,Delhi,2022-04-15
1632,Customer_1632,Mumbai,2022-03-31
1633,Customer_1633,Mumbai,2023-03-18
1634,Customer_1634,Hyderabad,2023-07-25
1635,Customer_1635,Chennai,2023-06-09
1636,Customer_1636,Hyderabad,2022-04-16
1637,Customer_1637,Bangalore,2022-04-02
1638,Customer_1638,Delhi,2023-07-22
1639,Customer_1639,Bangalore,2023-09-04
1640,Customer_1640,Chennai,2022-11-29
1641,Customer_1641,Hyderabad,2022-01-13
1642,Customer_1642,Delhi,2023-02-28
1643,Customer_1643,Hyderabad,2022-03-28
1644,Customer_1644,Pune,2023-07-27
1645,Customer_1645,Mumbai,2023-08-09
1646,Customer_1646,Chennai,2022-06-23
1647,Customer_1647,Pune,2023-01-25
1648,Customer_1648,Mumbai,2022-05-23
1649,Customer_1649,Delhi,2022-11-05
1650,Customer_1650,Delhi,2023-05-20
1651,Customer_1651,Mumbai,2022-03-06
1652,Customer_1652,Mumbai,2023-03-22
1653,Customer_1653,Delhi,2023-03-08
1654,Customer_1654,Delhi,2023-05-11
1655,Customer_1655,Bangalore,2023-01-05
1656,Customer_1656,Delhi,2022-09-10
1657,Customer_1657,Pune,2023-10-03
1658,Customer_1658,Hyderabad,2023-09-01
1659,Customer_1659,Chennai,2022-07-20
1660,Customer_1660,Hyderabad,2022-04-20
1661,Customer_1661,Mumbai,2022-11-08
1662,Customer_1662,Bangalore,2023-02-10
1663,Customer_1663,Delhi,2023-09-28
1664,Customer_1664,Hyderabad,2022-12-04
1665,Customer_1665,Hyderabad,2022-12-09
1666,Customer_1666,Hyderabad,2023-10-29
1667,Customer_1667,Chennai,2022-05-20
1668,Customer_1668,Delhi,2022-11-25
1669,Customer_1669,Chennai,2023-12-13
1670,Customer_1670,Mumbai,2023-05-06
1671,Customer_1671,Delhi,2022-07-01
1672,Customer_1672,Hyderabad,2022-11-23
1673,Customer_1673,Delhi,2023-12-13
1674,Customer_1674,Pune,2023-05-18
1675,Customer_1675,Chennai,2022-09-06
1676,Customer_1676,Delhi,2023-01-21
1677,Customer_1677,Delhi,2023-02-07
1678,Customer_1678,Delhi,2022-04-27
1679,Customer_1679,Chennai,2022-07-24
1680,Customer_1680,Chennai,2023-07-13
1681,Customer_1681,Mumbai,2023-11-30
1682,Customer_1682,Chennai,2022-01-28
1683,Customer_1683,Pune,2023-04-18
1684,Customer_1684,Pune,2022-08-03
1685,Customer_1685,Hyderabad,2022-10-26
1686,Customer_1686,Pune,2022-03-12
1687,Customer_1687,Hyderabad,2023-11-21
1688,Customer_1688,Hyderabad,2022-05-23
1689,Customer_1689,Pune,2022-11-07
1690,Customer_1690,Mumbai,2022-09-16
1691,Customer_1691,Pune,2022-06-07
1692,Customer_1692,Pune,2023-03-10
1693,Customer_1693,Hyderabad,2022-03-17
1694,Customer_1694,Hyderabad,2023-09-05
1695,Customer_1695,Hyderabad,2023-08-20
1696,Customer_1696,Hyderabad,2023-07-02
1697,Customer_1697,Chennai,2023-12-10
1698,Customer_1698,Hyderabad,2023-07-11
1699,Customer_1699,Bangalore,2023-01-04
1700,Customer_1700,Pune,2023-07-04
1701,Customer_1701,Chennai,2023-10-16
1702,Customer_1702,Bangalore,2022-04-22
1703,Customer_1703,Mumbai,2023-11-05
1704,Customer_1704,Pune,2022-12-30
1705,Customer_1705,Mumbai,2023-10-25
1706,Customer_1706,Chennai,2022-02-15
1707,Customer_1707,Chennai,2023-10-23
1708,Customer_1708,Pune,2023-10-25
1709,Customer_1709,Hyderabad,2022-12-06
1710,Customer_1710,Hyderabad,2022-04-19
1711,Customer_1711,Bangalore,2022-04-11
1712,Customer_1712,Delhi,2022-08-16
1713,Customer_1713,Chennai,2023-06-16
1714,Customer_1714,Chennai,2023-08-18
1715,Customer_1715,Pune,2023-08-13
1716,Customer_1716,Mumbai,2023-04-02
1717,Customer_1717,Delhi,2023-02-05
1718,Customer_1718,Hyderabad,2023-11-27
1719,Customer_1719,Chennai,2023-12-09
1720,Customer_1720,Chennai,2022-06-04
1721,Customer_1721,Delhi,2022-01-26
1722,Customer_1722,Hyderabad,2022-04-18
1723,Customer_1723,Delhi,2023-03-02
1724,Customer_1724,Bangalore,2022-04-29
1725,Customer_1725,Pune,2022-05-26
1726,Customer_1726,Delhi,2022-11-16
1727,Customer_1727,Delhi,2023-04-12
1728,Customer_1728,Mumbai,2023-06-18
1729,Customer_1729,Hyderabad,2022-12-23
1730,Customer_1730,Hyderabad,2022-04-10
1731,Customer_1731,Hyderabad,2023-12-15
1732,Customer_1732,Hyderabad,2022-11-23
1733,Customer_1733,Bangalore,2022-11-04
1734,Customer_1734,Bangalore,2023-12-29
1735,Customer_1735,Bangalore,2022-01-24
1736,Customer_1736,Delhi,2023-10-26
1737,Customer_1737,Bangalore,2023-11-25
1738,Customer_1738,Mumbai,2022-09-07
1739,Customer_1739,Chennai,2022-06-28
1740,Customer_1740,Chennai,2022-06-13
1741,Customer_1741,Delhi,2023-07-28
1742,Customer_1742,Hyderabad,2023-04-19
1743,Customer_1743,Mumbai,2023-02-19
1744,Customer_1744,Pune,2022-07-08
1745,Customer_1745,Mumbai,2023-10-18
1746,Customer_1746,Pune,2023-03-19
1747,Customer_1747,Hyderabad,2022-01-30
1748,Customer_1748,Pune,2023-09-21
1749,Customer_1749,Mumbai,2023-04-06
1750,Customer_1750,Chennai,2023-03-16
1751,Customer_1751,Hyderabad,2022-01-05
1752,Customer_1752,Pune,2022-08-08
1753,Customer_1753,Mumbai,2022-10-13
1754,Customer_1754,Pune,2022-03-06
1755,Customer_1755,Chennai,2022-04-15
1756,Customer_1756,Chennai,2022-07-11
1757,Customer_1757,Delhi,2022-11-30
1758,Customer_1758,Mumbai,2023-04-14
1759,Customer_1759,Bangalore,2022-09-26
1760,Customer_1760,Pune,2023-05-17
1761,Customer_1761,Chennai,2023-10-17
1762,Customer_1762,Delhi,2023-09-04
1763,Customer_1763,Hyderabad,2023-09-18
1764,Customer_1764,Hyderabad,2023-08-25
1765,Customer_1765,Bangalore,2022-12-23
1766,Customer_1766,Delhi,2023-04-14
1767,Customer_1767,Chennai,2022-06-26
1768,Customer_1768,Pune,2023-12-24
1769,Customer_1769,Delhi,2023-09-22
1770,Customer_1770,Chennai,2022-03-28
1771,Customer_1771,Pune,2022-05-18
1772,Customer_1772,Delhi,2022-05-01
1773,Customer_1773,Mumbai,2022-11-09
1774,Customer_1774,Bangalore,2022-07-07
1775,Customer_1775,Delhi,2023-12-12
1776,Customer_1776,Mumbai,2023-06-08
1777,Customer_1777,Hyderabad,2023-03-05
1778,Customer_1778,Chennai,2022-05-22
1779,Customer_1779,Chennai,2023-01-28
1780,Customer_1780,Hyderabad,2022-07-10
1781,Customer_1781,Hyderabad,2023-10-13
1782,Customer_1782,Chennai,2023-12-12
1783,Customer_1783,Pune,2022-06-27
1784,Customer_1784,Chennai,2022-06-20
1785,Customer_1785,Hyderabad,2022-10-23
1786,Customer_1786,Mumbai,2022-07-11
1787,Customer_1787,Delhi,2023-04-07
1788,Customer_1788,Chennai,2022-02-24
1789,Customer_1789,Delhi,2022-01-10
1790,Customer_1790,Hyderabad,2022-05-20
1791,Customer_1791,Mumbai,2023-01-29
1792,Customer_1792,Chennai,2023-06-02
1793,Customer_1793,Pune,2023-05-22
1794,Customer_1794,Hyderabad,2023-12-03
1795,Customer_1795,Hyderabad,2023-03-02
1796,Customer_1796,Pune,2023-03-31
1797,Customer_1797,Hyderabad,2022-06-21
1798,Customer_1798,Bangalore,2023-08-02
1799,Customer_1799,Bangalore,2022-08-14
1800,Customer_1800,Delhi,2022-02-03
1801,Customer_1801,Delhi,2022-08-19
1802,Customer_1802,Chennai,2022-10-23
1803,Customer_1803,Mumbai,2023-04-14
1804,Customer_1804,Chennai,2023-05-23
1805,Customer_1805,Chennai,2023-06-08
1806,Customer_1806,Bangalore,2023-08-10
1807,Customer_1807,Bangalore,2022-10-02
1808,Customer_1808,Chennai,2023-01-11
1809,Customer_1809,Chennai,2022-02-12
1810,Customer_1810,Pune,2023-03-28
1811,Customer_1811,Chennai,2022-08-12
1812,Customer_1812,Hyderabad,2022-04-15
1813,Customer_1813,Pune,2023-11-01
1814,Customer_1814,Mumbai,2022-11-01
1815,Customer_1815,Bangalore,2023-04-06
1816,Customer_1816,Delhi,2022-12-23
1817,Customer_1817,Bangalore,2023-03-26
1818,Customer_1818,Bangalore,2022-08-31
1819,Customer_1819,Mumbai,2023-08-26
1820,Customer_1820,Pune,2022-12-26
1821,Customer_1821,Pune,2023-09-17
1822,Customer_1822,Pune,2023-03-15
1823,Customer_1823,Mumbai,2023-09-23
1824,Customer_1824,Mumbai,2022-07-31
1825,Customer_1825,Mumbai,2022-03-02
1826,Customer_1826,Chennai,2022-12-26
1827,Customer_1827,Chennai,2022-10-15
1828,Customer_1828,Chennai,2023-07-06
1829,Customer_1829,Mumbai,2022-11-28
1830,Customer_1830,Pune,2022-10-27
1831,Customer_1831,Delhi,2023-08-10
1832,Customer_1832,Delhi,2023-06-11
1833,Customer_1833,Pune,2022-04-08
1834,Customer_1834,Mumbai,2023-02-26
1835,Customer_1835,Bangalore,2022-10-11
1836,Customer_1836,Pune,2022-05-10
1837,Customer_1837,Pune,2022-05-16
1838,Customer_1838,Mumbai,2022-05-30
1839,Customer_1839,Pune,2022-11-26
1840,Customer_1840,Mumbai,2023-11-24
1841,Customer_1841,Hyderabad,2023-05-17
1842,Customer_1842,Mumbai,2023-08-15
1843,Customer_1843,Pune,2022-10-03
1844,Customer_1844,Pune,2023-03-01
1845,Customer_1845,Hyderabad,2023-04-08
1846,Customer_1846,Bangalore,2023-10-11
1847,Customer_1847,Bangalore,2023-02-17
1848,Customer_1848,Chennai,2022-10-12
1849,Customer_1849,Pune,2023-01-13
1850,Customer_1850,Hyderabad,2023-05-15
1851,Customer_1851,Delhi,2023-08-19
1852,Customer_1852,Bangalore,2022-04-06
1853,Customer_1853,Pune,2023-04-15
1854,Customer_1854,Pune,2023-11-12
1855,Customer_1855,Pune,2023-01-02
1856,Customer_1856,Bangalore,2023-07-02
1857,Customer_1857,Hyderabad,2022-08-12
1858,Customer_1858,Hyderabad,2022-08-05
1859,Customer_1859,Hyderabad,2022-10-02
1860,Customer_1860,Delhi,2022-10-18
1861,Customer_1861,Delhi,2023-07-15
1862,Customer_1862,Chennai,2022-05-14
1863,Customer_1863,Chennai,2023-05-12
1864,Customer_1864,Delhi,2023-11-30
1865,Customer_1865,Bangalore,2022-02-17
1866,Customer_1866,Bangalore,2023-10-04
1867,Customer_1867,Hyderabad,2022-01-17
1868,Customer_1868,Bangalore,2022-06-11
1869,Customer_1869,Hyderabad,2023-04-13
1870,Customer_1870,Bangalore,2023-03-15
1871,Customer_1871,Mumbai,2023-12-07
1872,Customer_1872,Mumbai,2023-10-28
1873,Customer_1873,Delhi,2022-06-12
1874,Customer_1874,Delhi,2022-04-06
1875,Customer_1875,Pune,2023-01-05
1876,Customer_1876,Delhi,2022-03-26
1877,Customer_1877,Delhi,2023-11-12
1878,Customer_1878,Pune,2022-06-19
1879,Customer_1879,Bangalore,2023-02-10
1880,Customer_1880,Pune,2022-11-09
1881,Customer_1881,Pune,2023-12-18
1882,Customer_1882,Mumbai,2023-03-16
1883,Customer_1883,Pune,2022-04-04
1884,Customer_1884,Pune,2022-04-08
1885,Customer_1885,Bangalore,2022-08-07
1886,Customer_1886,Hyderabad,2022-03-21
1887,Customer_1887,Mumbai,2023-08-31
1888,Customer_1888,Mumbai,2023-06-16
1889,Customer_1889,Pune,2023-04-01
1890,Customer_1890,Bangalore,2022-01-09
1891,Customer_1891,Pune,2022-12-18
1892,Customer_1892,Bangalore,2023-03-09
1893,Customer_1893,Pune,2022-05-16
1894,Customer_1894,Hyderabad,2022-03-14
1895,Customer_1895,Mumbai,2023-01-28
1896,Customer_1896,Bangalore,2022-04-15
1897,Customer_1897,Bangalore,2022-11-17
1898,Customer_1898,Delhi,2022-11-03
1899,Customer_1899,Mumbai,2023-01-27
1900,Customer_1900,Mumbai,2023-10-19
1901,Customer_1901,Pune,2022-05-27
1902,Customer_1902,Bangalore,2023-06-28
1903,Customer_1903,Chennai,2022-01-09
1904,Customer_1904,Chennai,2023-10-28
1905,Customer_1905,Mumbai,2023-03-27
1906,Customer_1906,Delhi,2022-08-07
1907,Customer_1907,Pune,2022-06-05
1908,Customer_1908,Hyderabad,2023-09-23
1909,Customer_1909,Pune,2023-03-30
1910,Customer_1910,Mumbai,2022-03-30
1911,Customer_1911,Bangalore,2022-05-24
1912,Customer_1912,Bangalore,2023-08-27
1913,Customer_1913,Pune,2023-01-29
1914,Customer_1914,Delhi,2023-03-16
1915,Customer_1915,Delhi,2022-05-24
1916,Customer_1916,Mumbai,2022-10-11
1917,Customer_1917,Pune,2022-03-28
1918,Customer_1918,Mumbai,2023-07-21
1919,Customer_1919,Chennai,2023-09-07
1920,Customer_1920,Pune,2023-09-15
1921,Customer_1921,Delhi,2023-12-09
1922,Customer_1922,Bangalore,2023-11-06
1923,Customer_1923,Delhi,2022-07-30
1924,Customer_1924,Chennai,2023-09-14
1925,Customer_1925,Chennai,2022-07-13
1926,Customer_1926,Pune,2023-02-06
1927,Customer_1927,Delhi,2023-10-24
1928,Customer_1928,Bangalore,2022-09-03
1929,Customer_1929,Hyderabad,2023-01-31
1930,Customer_1930,Bangalore,2022-09-04
1931,Customer_1931,Hyderabad,2023-10-16
1932,Customer_1932,Chennai,2022-03-14
1933,Customer_1933,Chennai,2022-01-13
1934,Customer_1934,Delhi,2022-11-21
1935,Customer_1935,Mumbai,2023-02-01
1936,Customer_1936,Chennai,2023-03-07
1937,Customer_1937,Delhi,2023-07-14
1938,Customer_1938,Pune,2022-06-26
1939,Customer_1939,Hyderabad,2022-03-16
1940,Customer_1940,Bangalore,2023-08-25
1941,Customer_1941,Bangalore,2022-01-15
1942,Customer_1942,Delhi,2022-08-09
1943,Customer_1943,Bangalore,2022-03-03
1944,Customer_1944,Hyderabad,2023-06-03
1945,Customer_1945,Delhi,2023-10-06
1946,Customer_1946,Pune,2023-05-29
1947,Customer_1947,Hyderabad,2023-03-10
1948,Customer_1948,Pune,2023-02-16
1949,Customer_1949,Bangalore,2023-10-18
1950,Customer_1950,Chennai,2023-07-05
1951,Customer_1951,Chennai,2022-06-06
1952,Customer_1952,Delhi,2022-03-27
1953,Customer_1953,Delhi,2022-03-22
1954,Customer_1954,Chennai,2022-07-28
1955,Customer_1955,Mumbai,2023-07-04
1956,Customer_1956,Delhi,2023-02-05
1957,Customer_1957,Chennai,2023-10-12
1958,Customer_1958,Pune,2023-11-29
1959,Customer_1959,Pune,2022-03-09
1960,Customer_1960,Delhi,2023-12-17
1961,Customer_1961,Hyderabad,2022-09-02
1962,Customer_1962,Bangalore,2022-09-08
1963,Customer_1963,Bangalore,2023-03-21
1964,Customer_1964,Bangalore,2023-04-10
1965,Customer_1965,Chennai,2023-09-16
1966,Customer_1966,Bangalore,2022-11-13
1967,Customer_1967,Pune,2023-11-05
1968,Customer_1968,Pune,2022-06-29
1969,Customer_1969,Bangalore,2022-01-13
1970,Customer_1970,Pune,2022-05-21
1971,Customer_1971,Pune,2022-01-12
1972,Customer_1972,Mumbai,2023-05-24
1973,Customer_1973,Delhi,2023-06-20
1974,Customer_1974,Chennai,2022-09-23
1975,Customer_1975,Mumbai,2023-01-16
1976,Customer_1976,Mumbai,2022-10-03
1977,Customer_1977,Pune,2022-05-01
1978,Customer_1978,Bangalore,2022-12-10
1979,Customer_1979,Hyderabad,2022-10-06
1980,Customer_1980,Chennai,2022-03-07
1981,Customer_1981,Delhi,2023-12-31
1982,Customer_1982,Chennai,2023-10-05
1983,Customer_1983,Bangalore,2023-05-24
1984,Customer_1984,Hyderabad,2023-06-08
1985,Customer_1985,Delhi,2022-02-26
1986,Customer_1986,Hyderabad,2023-08-04
1987,Customer_1987,Mumbai,2023-01-12
1988,Customer_1988,Mumbai,2022-09-19
1989,Customer_1989,Bangalore,2023-08-11
1990,Customer_1990,Pune,2022-04-29
1991,Customer_1991,Mumbai,2023-06-06
1992,Customer_1992,Bangalore,2022-02-15
1993,Customer_1993,Bangalore,2022-09-08
1994,Customer_1994,Bangalore,2023-04-29
1995,Customer_1995,Delhi,2023-01-28
1996,Customer_1996,Mumbai,2022-07-03
1997,Customer_1997,Bangalore,2023-07-21
1998,Customer_1998,Pune,2023-11-03
1999,Customer_1999,Hyderabad,2022-08-18
2000,Customer_2000,Delhi,2022-09-12
